Data_Hora,Dificuldade,Rodada,Geracao,Fitness_Maximo_Global,Fitness_Medio_Pop
2026-09-30 20:05:31,1,1,1,2206.7766,1420.7398
2026-09-30 20:05:31,1,1,2,2215.6969,1892.0833
2026-09-30 20:05:31,1,1,3,2466.1393,2074.9446
2026-09-30 20:05:31,1,1,4,2537.7468,2226.0832
2026-09-30 20:05:31,1,1,5,2548.0930,2332.2572
2026-09-30 20:05:31,1,1,6,2845.4270,2513.7975
2026-09-30 20:05:31,1,1,7,3156.5358,2654.1470
2026-09-30 20:05:31,1,1,8,3171.6087,2716.0835
2026-09-30 20:05:31,1,1,9,3232.4862,2891.2990
2026-09-30 20:05:31,1,1,10,3249.9151,2914.1523
2026-09-30 20:05:31,1,1,11,3269.5793,3045.8590
2026-09-30 20:05:31,1,1,12,3291.3125,3149.8472
2026-09-30 20:05:31,1,1,13,3302.1958,3050.2102
2026-09-30 20:05:31,1,1,14,3503.1021,3171.0862
2026-09-30 20:05:31,1,1,15,3536.0064,3248.7118
2026-09-30 20:05:31,1,1,16,3542.5160,3386.5382
2026-09-30 20:05:31,1,1,17,3759.4922,3458.1306
2026-09-30 20:05:31,1,1,18,3766.5589,3493.0385
2026-09-30 20:05:31,1,1,19,3788.9341,3583.2057
2026-09-30 20:05:31,1,1,20,3788.9341,3633.5027
2026-09-30 20:05:31,1,1,21,3788.9341,3642.2405
2026-09-30 20:05:31,1,1,22,3792.2916,3719.1658
2026-09-30 20:05:31,1,1,23,3792.2916,3688.8964
2026-09-30 20:05:31,1,1,24,3792.2916,3650.8589
2026-09-30 20:05:31,1,1,25,3792.2916,3723.8957
2026-09-30 20:05:31,1,1,26,3792.2916,3678.3136
2026-09-30 20:05:31,1,1,27,3792.2916,3681.7118
2026-09-30 20:05:31,1,1,28,3792.2916,3727.6679
2026-09-30 20:05:31,1,1,29,3792.2916,3624.1001
2026-09-30 20:05:31,1,1,30,3798.3577,3653.6968
2026-09-30 20:05:31,1,1,31,3798.3577,3588.8407
2026-09-30 20:05:31,1,1,32,3798.3577,3529.1334
2026-09-30 20:05:31,1,1,33,3798.3577,3606.5911
2026-09-30 20:05:32,1,2,1,2148.5098,1205.1655
2026-09-30 20:05:32,1,2,2,2148.5098,1422.9791
2026-09-30 20:05:32,1,2,3,2148.5098,1633.3853
2026-09-30 20:05:32,1,2,4,2148.5098,1735.3194
2026-09-30 20:05:32,1,2,5,2148.5098,1809.1830
2026-09-30 20:05:32,1,2,6,2207.1681,1928.2458
2026-09-30 20:05:32,1,2,7,2213.5725,2049.2393
2026-09-30 20:05:32,1,2,8,2555.7184,2118.0153
2026-09-30 20:05:32,1,2,9,2555.7184,2187.9236
2026-09-30 20:05:32,1,2,10,2862.1124,2290.4972
2026-09-30 20:05:32,1,2,11,2862.1124,2417.5832
2026-09-30 20:05:32,1,2,12,2862.1124,2627.2112
2026-09-30 20:05:32,1,2,13,2905.2992,2658.7132
2026-09-30 20:05:32,1,2,14,3257.0337,2764.2091
2026-09-30 20:05:32,1,2,15,3257.0337,2846.9049
2026-09-30 20:05:32,1,2,16,3267.2166,2848.7770
2026-09-30 20:05:32,1,2,17,3404.7251,3047.9552
2026-09-30 20:05:32,1,2,18,3407.7078,3167.3944
2026-09-30 20:05:32,1,2,19,3513.9068,3228.4524
2026-09-30 20:05:32,1,2,20,3513.9068,3304.0986
2026-09-30 20:05:32,1,2,21,3541.3302,3356.7937
2026-09-30 20:05:32,1,2,22,3767.4771,3359.5044
2026-09-30 20:05:32,1,2,23,3767.4771,3395.1107
2026-09-30 20:05:32,1,2,24,3767.4771,3391.6678
2026-09-30 20:05:32,1,2,25,3767.4771,3365.0556
2026-09-30 20:05:32,1,2,26,3767.4771,3337.5391
2026-09-30 20:05:32,1,2,27,3767.4771,3408.3138
2026-09-30 20:05:32,1,2,28,3767.4771,3585.1657
2026-09-30 20:05:32,1,2,29,3768.7344,3565.6251
2026-09-30 20:05:32,1,2,30,3768.7344,3577.8400
2026-09-30 20:05:32,1,2,31,3768.7344,3548.7886
2026-09-30 20:05:32,1,2,32,3768.7344,3578.5851
2026-09-30 20:05:32,1,2,33,3768.7344,3507.1120
2026-09-30 20:05:32,1,2,34,3770.9070,3489.3189
2026-09-30 20:05:32,1,2,35,3778.7857,3674.7286
2026-09-30 20:05:32,1,2,36,3783.7103,3663.9099
2026-09-30 20:05:32,1,2,37,3783.7103,3677.1665
2026-09-30 20:05:33,1,3,1,2156.8475,1094.3605
2026-09-30 20:05:33,1,3,2,2395.9550,1518.2419
2026-09-30 20:05:33,1,3,3,2489.8209,2005.4722
2026-09-30 20:05:33,1,3,4,2788.1463,2251.7810
2026-09-30 20:05:33,1,3,5,2788.1463,2469.9137
2026-09-30 20:05:33,1,3,6,2788.1463,2632.4497
2026-09-30 20:05:33,1,3,7,2870.2469,2617.2153
2026-09-30 20:05:33,1,3,8,2969.5133,2758.5485
2026-09-30 20:05:33,1,3,9,3167.6516,2764.8102
2026-09-30 20:05:33,1,3,10,3227.5501,2814.8720
2026-09-30 20:05:33,1,3,11,3310.7962,3001.7167
2026-09-30 20:05:33,1,3,12,3326.4889,3047.8523
2026-09-30 20:05:33,1,3,13,3342.9660,3130.1469
2026-09-30 20:05:33,1,3,14,3342.9660,3231.9160
2026-09-30 20:05:33,1,3,15,3437.0561,3214.2353
2026-09-30 20:05:33,1,3,16,3460.6468,3244.8222
2026-09-30 20:05:33,1,3,17,3460.6468,3190.7837
2026-09-30 20:05:33,1,3,18,3460.6468,3212.4871
2026-09-30 20:05:33,1,3,19,3737.6246,3248.6456
2026-09-30 20:05:33,1,3,20,3765.5572,3274.9649
2026-09-30 20:05:33,1,3,21,3765.5572,3153.4134
2026-09-30 20:05:33,1,3,22,3765.5572,3184.4220
2026-09-30 20:05:33,1,3,23,3765.5572,3253.5900
2026-09-30 20:05:33,1,3,24,3765.5572,3340.4569
2026-09-30 20:05:33,1,3,25,3765.5572,3343.1336
2026-09-30 20:05:33,1,3,26,3765.5572,3342.4568
2026-09-30 20:05:33,1,3,27,3765.5572,3378.8002
2026-09-30 20:05:33,1,3,28,3765.5572,3263.0000
2026-09-30 20:05:33,1,3,29,3765.5572,3444.6294
2026-09-30 20:05:33,1,3,30,3765.5572,3396.3111
2026-09-30 20:05:33,1,3,31,3765.5572,3409.5552
2026-09-30 20:05:33,1,3,32,3765.5572,3439.5562
2026-09-30 20:05:33,1,3,33,3771.1655,3499.6542
2026-09-30 20:05:33,1,3,34,3779.9249,3583.4676
2026-09-30 20:05:33,1,3,35,3782.8280,3570.4856
2026-09-30 20:05:35,1,4,1,2183.0979,1183.3381
2026-09-30 20:05:35,1,4,2,2183.0979,1479.5889
2026-09-30 20:05:35,1,4,3,2183.0979,1751.4831
2026-09-30 20:05:35,1,4,4,2248.9435,1855.5405
2026-09-30 20:05:35,1,4,5,2267.2824,1927.8495
2026-09-30 20:05:35,1,4,6,2385.0132,2019.2951
2026-09-30 20:05:35,1,4,7,2396.0519,2094.2534
2026-09-30 20:05:35,1,4,8,2535.8908,2173.8572
2026-09-30 20:05:35,1,4,9,2638.2298,2300.0603
2026-09-30 20:05:35,1,4,10,2642.9605,2372.3432
2026-09-30 20:05:35,1,4,11,2647.4404,2400.0448
2026-09-30 20:05:35,1,4,12,2647.4404,2524.4333
2026-09-30 20:05:35,1,4,13,3058.7877,2497.0252
2026-09-30 20:05:35,1,4,14,3225.5925,2690.5356
2026-09-30 20:05:35,1,4,15,3225.5925,2770.5871
2026-09-30 20:05:35,1,4,16,3230.8577,2958.4443
2026-09-30 20:05:35,1,4,17,3377.5926,3026.3120
2026-09-30 20:05:35,1,4,18,3387.9619,3143.4731
2026-09-30 20:05:35,1,4,19,3388.1651,3143.6806
2026-09-30 20:05:35,1,4,20,3395.2101,3306.4716
2026-09-30 20:05:35,1,4,21,3395.2101,3197.5205
2026-09-30 20:05:35,1,4,22,3580.8612,3255.6432
2026-09-30 20:05:35,1,4,23,3598.2062,3361.3580
2026-09-30 20:05:35,1,4,24,3598.3190,3272.0769
2026-09-30 20:05:35,1,4,25,3753.3093,3402.1965
2026-09-30 20:05:35,1,4,26,3776.5978,3501.1072
2026-09-30 20:05:35,1,4,27,3794.3062,3664.5645
2026-09-30 20:05:35,1,4,28,3794.3062,3628.2843
2026-09-30 20:05:35,1,4,29,3794.3062,3565.2363
2026-09-30 20:05:35,1,4,30,3794.3062,3639.9229
2026-09-30 20:05:35,1,4,31,3794.3062,3629.9809
2026-09-30 20:05:35,1,4,32,3794.3062,3637.6097
2026-09-30 20:05:35,1,4,33,3794.3062,3581.7273
2026-09-30 20:05:35,1,4,34,3794.3062,3590.6795
2026-09-30 20:05:35,1,4,35,3794.3062,3565.2629
2026-09-30 20:05:35,1,4,36,3794.3062,3649.9938
2026-09-30 20:05:35,1,4,37,3794.3062,3645.0319
2026-09-30 20:05:35,1,4,38,3794.3062,3647.7848
2026-09-30 20:05:35,1,4,39,3794.3062,3500.5642
2026-09-30 20:05:35,1,4,40,3794.3062,3651.6731
2026-09-30 20:05:35,1,4,41,3794.3062,3600.6046
2026-09-30 20:05:36,1,5,1,2065.2245,1239.7397
2026-09-30 20:05:36,1,5,2,2065.2245,1631.7742
2026-09-30 20:05:36,1,5,3,2081.2079,1817.1842
2026-09-30 20:05:36,1,5,4,2290.6782,1945.0858
2026-09-30 20:05:36,1,5,5,2315.1478,2038.0555
2026-09-30 20:05:36,1,5,6,2504.7008,2130.5391
2026-09-30 20:05:36,1,5,7,2603.3189,2209.5978
2026-09-30 20:05:36,1,5,8,3080.8826,2340.2185
2026-09-30 20:05:36,1,5,9,3090.7816,2593.0617
2026-09-30 20:05:36,1,5,10,3091.8998,2741.5370
2026-09-30 20:05:36,1,5,11,3106.8415,2874.3628
2026-09-30 20:05:36,1,5,12,3106.8415,3046.0002
2026-09-30 20:05:36,1,5,13,3111.8693,3037.9746
2026-09-30 20:05:36,1,5,14,3211.2956,3045.5235
2026-09-30 20:05:36,1,5,15,3218.3812,3068.7860
2026-09-30 20:05:36,1,5,16,3237.0730,3047.6368
2026-09-30 20:05:36,1,5,17,3237.0730,3156.9178
2026-09-30 20:05:36,1,5,18,3472.6266,3217.6073
2026-09-30 20:05:36,1,5,19,3491.4200,3225.1613
2026-09-30 20:05:36,1,5,20,3491.4200,3286.1175
2026-09-30 20:05:36,1,5,21,3612.8422,3286.4667
2026-09-30 20:05:36,1,5,22,3660.9947,3377.5009
2026-09-30 20:05:36,1,5,23,3679.6696,3450.1172
2026-09-30 20:05:36,1,5,24,3679.6696,3388.3510
2026-09-30 20:05:36,1,5,25,3698.2812,3495.1993
2026-09-30 20:05:36,1,5,26,3698.2812,3511.0119
2026-09-30 20:05:36,1,5,27,3698.2812,3557.1665
2026-09-30 20:05:36,1,5,28,3778.7410,3545.7433
2026-09-30 20:05:36,1,5,29,3787.4675,3542.3017
2026-09-30 20:05:36,1,5,30,3792.1854,3634.1838
2026-09-30 20:05:36,1,5,31,3792.1854,3623.1380
2026-09-30 20:05:36,1,5,32,3792.1854,3657.8975
2026-09-30 20:05:36,1,5,33,3792.1854,3567.3175
2026-09-30 20:05:36,1,5,34,3792.1854,3649.6402
2026-09-30 20:05:36,1,5,35,3792.1854,3680.1010
2026-09-30 20:05:36,1,5,36,3792.1854,3572.5576
2026-09-30 20:05:36,1,5,37,3793.5882,3440.0539
2026-09-30 20:05:36,1,5,38,3793.5882,3558.0753
2026-09-30 20:05:36,1,5,39,3793.5882,3610.1172
2026-09-30 20:05:36,1,5,40,3793.5882,3593.0894
2026-09-30 20:05:36,1,5,41,3793.5882,3556.8834
2026-09-30 20:05:36,1,5,42,3812.2195,3579.2849
2026-09-30 20:05:36,1,5,43,3812.2195,3659.8119
2026-09-30 20:05:38,1,6,1,2386.1937,1204.7213
2026-09-30 20:05:38,1,6,2,2408.3685,1697.6908
2026-09-30 20:05:38,1,6,3,2408.3685,1954.9349
2026-09-30 20:05:38,1,6,4,2554.3067,2019.3634
2026-09-30 20:05:38,1,6,5,2554.7938,2096.0161
2026-09-30 20:05:38,1,6,6,2562.4987,2222.4518
2026-09-30 20:05:38,1,6,7,2572.2581,2354.6652
2026-09-30 20:05:38,1,6,8,2793.9547,2455.6360
2026-09-30 20:05:38,1,6,9,3223.6823,2589.4266
2026-09-30 20:05:38,1,6,10,3223.6823,2643.9002
2026-09-30 20:05:38,1,6,11,3223.6823,2846.3162
2026-09-30 20:05:38,1,6,12,3223.6823,2895.3057
2026-09-30 20:05:38,1,6,13,3236.4259,2948.2720
2026-09-30 20:05:38,1,6,14,3236.4259,2969.4005
2026-09-30 20:05:38,1,6,15,3357.1461,3034.2267
2026-09-30 20:05:38,1,6,16,3449.9157,3061.2556
2026-09-30 20:05:38,1,6,17,3512.4209,3273.9337
2026-09-30 20:05:38,1,6,18,3517.0726,3247.6641
2026-09-30 20:05:38,1,6,19,3517.0726,3245.3555
2026-09-30 20:05:38,1,6,20,3517.0726,3409.8575
2026-09-30 20:05:38,1,6,21,3557.2229,3324.2471
2026-09-30 20:05:38,1,6,22,3560.5617,3326.4686
2026-09-30 20:05:38,1,6,23,3702.5955,3360.8686
2026-09-30 20:05:38,1,6,24,3731.3375,3481.1341
2026-09-30 20:05:38,1,6,25,3731.3375,3485.1970
2026-09-30 20:05:38,1,6,26,3731.3375,3515.3103
2026-09-30 20:05:38,1,6,27,3731.3375,3468.1538
2026-09-30 20:05:38,1,6,28,3746.3100,3579.6949
2026-09-30 20:05:38,1,6,29,3746.3100,3660.8058
2026-09-30 20:05:38,1,6,30,3760.3588,3586.3840
2026-09-30 20:05:38,1,6,31,3760.3588,3605.3012
2026-09-30 20:05:38,1,6,32,3761.2441,3516.2976
2026-09-30 20:05:38,1,6,33,3761.2441,3591.2991
2026-09-30 20:05:38,1,6,34,3766.0924,3536.4191
2026-09-30 20:05:38,1,6,35,3766.0924,3605.3376
2026-09-30 20:05:38,1,6,36,3766.0924,3486.5441
2026-09-30 20:05:38,1,6,37,3775.6090,3616.2984
2026-09-30 20:05:38,1,6,38,3775.6090,3616.6550
2026-09-30 20:05:38,1,6,39,3775.6090,3609.5813
2026-09-30 20:05:38,1,6,40,3775.6090,3527.9335
2026-09-30 20:05:38,1,6,41,3775.6090,3612.4246
2026-09-30 20:05:38,1,6,42,3781.5007,3608.2788
2026-09-30 20:05:38,1,6,43,3781.5007,3566.7809
2026-09-30 20:05:38,1,7,1,2331.6402,1154.9225
2026-09-30 20:05:38,1,7,2,2331.6402,1567.0363
2026-09-30 20:05:38,1,7,3,2331.6402,1717.9569
2026-09-30 20:05:38,1,7,4,2331.6402,1889.2971
2026-09-30 20:05:38,1,7,5,2347.0369,2051.3539
2026-09-30 20:05:38,1,7,6,2347.0369,2040.4537
2026-09-30 20:05:38,1,7,7,2347.0369,2142.9430
2026-09-30 20:05:38,1,7,8,2385.3470,2182.2547
2026-09-30 20:05:38,1,7,9,2558.6824,2233.3513
2026-09-30 20:05:38,1,7,10,2558.6824,2219.8153
2026-09-30 20:05:38,1,7,11,2613.4359,2326.5700
2026-09-30 20:05:38,1,7,12,2633.1102,2369.6409
2026-09-30 20:05:38,1,7,13,2762.5724,2476.1190
2026-09-30 20:05:38,1,7,14,2762.5724,2427.4997
2026-09-30 20:05:38,1,7,15,2762.5724,2555.0111
2026-09-30 20:05:38,1,7,16,2762.5724,2604.0769
2026-09-30 20:05:38,1,7,17,2775.5571,2665.3537
2026-09-30 20:05:38,1,7,18,2918.3117,2707.9095
2026-09-30 20:05:38,1,7,19,2918.3117,2747.4105
2026-09-30 20:05:38,1,7,20,3272.3508,2798.4249
2026-09-30 20:05:38,1,7,21,3312.1491,2942.7524
2026-09-30 20:05:38,1,7,22,3542.5301,3082.4812
2026-09-30 20:05:38,1,7,23,3574.4258,3118.8769
2026-09-30 20:05:38,1,7,24,3703.5809,3284.1776
2026-09-30 20:05:38,1,7,25,3733.0895,3473.2287
2026-09-30 20:05:38,1,7,26,3764.8217,3539.1104
2026-09-30 20:05:38,1,7,27,3764.8217,3512.1815
2026-09-30 20:05:38,1,7,28,3764.8217,3630.3900
2026-09-30 20:05:38,1,7,29,3764.8217,3605.9258
2026-09-30 20:05:38,1,7,30,3795.0343,3529.9118
2026-09-30 20:05:38,1,7,31,3795.0343,3548.1123
2026-09-30 20:05:38,1,7,32,3795.0343,3691.4201
2026-09-30 20:05:38,1,7,33,3795.0343,3575.8922
2026-09-30 20:05:38,1,7,34,3795.0343,3572.9584
2026-09-30 20:05:38,1,7,35,3795.0343,3719.3346
2026-09-30 20:05:38,1,7,36,3795.0343,3659.2345
2026-09-30 20:05:38,1,7,37,3795.0343,3576.5020
2026-09-30 20:05:38,1,7,38,3795.0343,3618.7612
2026-09-30 20:05:38,1,7,39,3795.0343,3622.1571
2026-09-30 20:05:38,1,7,40,3795.0343,3547.0251
2026-09-30 20:05:38,1,7,41,3795.0343,3545.9859
2026-09-30 20:05:38,1,8,1,2397.9329,1222.9806
2026-09-30 20:05:38,1,8,2,2397.9329,1764.0447
2026-09-30 20:05:38,1,8,3,2397.9329,2033.1711
2026-09-30 20:05:38,1,8,4,2468.1771,2135.6251
2026-09-30 20:05:38,1,8,5,2468.1771,2161.4775
2026-09-30 20:05:38,1,8,6,2525.4464,2215.0521
2026-09-30 20:05:38,1,8,7,2596.4585,2383.1474
2026-09-30 20:05:38,1,8,8,2686.1361,2440.3155
2026-09-30 20:05:38,1,8,9,2798.2727,2477.8226
2026-09-30 20:05:38,1,8,10,2935.3021,2627.0205
2026-09-30 20:05:38,1,8,11,2955.3101,2661.2270
2026-09-30 20:05:38,1,8,12,3213.6481,2818.0925
2026-09-30 20:05:38,1,8,13,3213.6481,2909.7826
2026-09-30 20:05:38,1,8,14,3213.6481,2923.9846
2026-09-30 20:05:38,1,8,15,3233.8753,2949.3189
2026-09-30 20:05:38,1,8,16,3240.3252,2948.3250
2026-09-30 20:05:38,1,8,17,3240.3252,3013.6688
2026-09-30 20:05:38,1,8,18,3589.8345,3035.3052
2026-09-30 20:05:38,1,8,19,3589.8345,3068.6316
2026-09-30 20:05:38,1,8,20,3589.8345,3077.3494
2026-09-30 20:05:38,1,8,21,3596.4368,3196.1259
2026-09-30 20:05:38,1,8,22,3597.5334,3337.7824
2026-09-30 20:05:38,1,8,23,3597.5334,3337.2593
2026-09-30 20:05:38,1,8,24,3597.5334,3431.5318
2026-09-30 20:05:38,1,8,25,3637.7040,3490.9990
2026-09-30 20:05:38,1,8,26,3659.0452,3346.8826
2026-09-30 20:05:38,1,8,27,3659.0452,3437.5818
2026-09-30 20:05:38,1,8,28,3751.8512,3489.3596
2026-09-30 20:05:38,1,8,29,3759.2895,3462.4384
2026-09-30 20:05:38,1,8,30,3767.7712,3612.6424
2026-09-30 20:05:38,1,8,31,3767.7712,3417.2863
2026-09-30 20:05:38,1,8,32,3767.7712,3538.1334
2026-09-30 20:05:38,1,8,33,3777.9595,3677.4061
2026-09-30 20:05:38,1,8,34,3782.2441,3528.5605
2026-09-30 20:05:38,1,8,35,3782.2441,3602.3696
2026-09-30 20:05:38,1,8,36,3782.2441,3605.0267
2026-09-30 20:05:38,1,8,37,3782.2441,3642.2802
2026-09-30 20:05:38,1,8,38,3785.5268,3651.2647
2026-09-30 20:05:38,1,8,39,3788.6942,3669.4965
2026-09-30 20:05:38,1,8,40,3788.6942,3683.9649
2026-09-30 20:05:38,1,8,41,3788.6942,3635.4164
2026-09-30 20:05:38,1,8,42,3788.6942,3713.2748
2026-09-30 20:05:38,1,8,43,3788.6942,3660.1288
2026-09-30 20:05:39,1,9,1,2389.6106,1279.4015
2026-09-30 20:05:39,1,9,2,2399.4843,1740.2075
2026-09-30 20:05:39,1,9,3,2399.4843,1896.1427
2026-09-30 20:05:39,1,9,4,2399.4843,1959.1679
2026-09-30 20:05:39,1,9,5,2399.4843,2032.1153
2026-09-30 20:05:39,1,9,6,2516.6620,2048.3186
2026-09-30 20:05:39,1,9,7,2516.6620,2115.8514
2026-09-30 20:05:39,1,9,8,2516.6620,2251.5929
2026-09-30 20:05:39,1,9,9,2516.6620,2333.2720
2026-09-30 20:05:39,1,9,10,2517.4855,2372.5563
2026-09-30 20:05:39,1,9,11,2517.4855,2333.8403
2026-09-30 20:05:39,1,9,12,2734.0707,2410.9854
2026-09-30 20:05:39,1,9,13,2734.0707,2441.7505
2026-09-30 20:05:39,1,9,14,2734.0707,2509.4852
2026-09-30 20:05:39,1,9,15,2734.0707,2560.0543
2026-09-30 20:05:39,1,9,16,2911.2777,2562.9213
2026-09-30 20:05:39,1,9,17,3032.9990,2651.1866
2026-09-30 20:05:39,1,9,18,3032.9990,2588.4587
2026-09-30 20:05:39,1,9,19,3032.9990,2579.7172
2026-09-30 20:05:39,1,9,20,3032.9990,2664.9796
2026-09-30 20:05:39,1,9,21,3032.9990,2614.6112
2026-09-30 20:05:39,1,9,22,3032.9990,2699.8755
2026-09-30 20:05:39,1,9,23,3143.8487,2770.1840
2026-09-30 20:05:39,1,9,24,3144.0317,2873.3395
2026-09-30 20:05:39,1,9,25,3216.6975,2958.5246
2026-09-30 20:05:39,1,9,26,3216.6975,2975.7035
2026-09-30 20:05:39,1,9,27,3216.6975,3030.0396
2026-09-30 20:05:39,1,9,28,3225.9729,3057.8342
2026-09-30 20:05:39,1,9,29,3225.9729,3141.8389
2026-09-30 20:05:39,1,9,30,3752.5773,3209.5897
2026-09-30 20:05:39,1,9,31,3775.6830,3235.2128
2026-09-30 20:05:39,1,9,32,3777.9065,3475.6067
2026-09-30 20:05:39,1,9,33,3777.9065,3590.5100
2026-09-30 20:05:39,1,9,34,3780.3539,3555.1404
2026-09-30 20:05:39,1,9,35,3792.0638,3709.5359
2026-09-30 20:05:39,1,9,36,3792.0638,3550.4025
2026-09-30 20:05:39,1,9,37,3799.0576,3534.1122
2026-09-30 20:05:39,1,9,38,3799.0576,3680.2421
2026-09-30 20:05:39,1,9,39,3799.0576,3609.6922
2026-09-30 20:05:39,1,9,40,3799.0576,3636.9227
2026-09-30 20:05:39,1,9,41,3799.0576,3664.0778
2026-09-30 20:05:39,1,9,42,3799.0576,3580.7152
2026-09-30 20:05:39,1,9,43,3799.0576,3645.1032
2026-09-30 20:05:39,1,9,44,3799.0576,3578.4543
2026-09-30 20:05:39,1,9,45,3799.0576,3631.8494
2026-09-30 20:05:39,1,9,46,3799.0576,3596.9996
2026-09-30 20:05:41,1,10,1,1700.6682,1060.7690
2026-09-30 20:05:41,1,10,2,1781.8716,1391.9368
2026-09-30 20:05:41,1,10,3,1890.5244,1611.3676
2026-09-30 20:05:41,1,10,4,2081.8487,1760.8163
2026-09-30 20:05:41,1,10,5,2081.8487,1814.9603
2026-09-30 20:05:41,1,10,6,2081.8487,1891.8427
2026-09-30 20:05:41,1,10,7,2116.9855,1828.2813
2026-09-30 20:05:41,1,10,8,2117.2529,1901.6291
2026-09-30 20:05:41,1,10,9,2137.2982,1938.3201
2026-09-30 20:05:41,1,10,10,2260.7896,2005.4635
2026-09-30 20:05:41,1,10,11,2287.1473,2019.6048
2026-09-30 20:05:41,1,10,12,2530.2789,2138.2841
2026-09-30 20:05:41,1,10,13,2551.5596,2181.8510
2026-09-30 20:05:41,1,10,14,2729.1495,2381.2159
2026-09-30 20:05:41,1,10,15,2884.6708,2493.9243
2026-09-30 20:05:41,1,10,16,2911.1030,2593.9896
2026-09-30 20:05:41,1,10,17,3073.4059,2731.6344
2026-09-30 20:05:41,1,10,18,3098.4661,2804.2630
2026-09-30 20:05:41,1,10,19,3098.4661,2918.9628
2026-09-30 20:05:41,1,10,20,3098.4661,2893.1193
2026-09-30 20:05:41,1,10,21,3267.7418,2966.7712
2026-09-30 20:05:41,1,10,22,3282.1057,3006.3334
2026-09-30 20:05:41,1,10,23,3282.4555,3075.5258
2026-09-30 20:05:41,1,10,24,3282.4555,3155.2367
2026-09-30 20:05:41,1,10,25,3282.4555,3136.0712
2026-09-30 20:05:41,1,10,26,3400.0426,3166.4974
2026-09-30 20:05:41,1,10,27,3409.3741,3056.7446
2026-09-30 20:05:41,1,10,28,3409.3741,3110.1852
2026-09-30 20:05:41,1,10,29,3409.3741,3141.9360
2026-09-30 20:05:41,1,10,30,3409.3741,3170.6865
2026-09-30 20:05:41,1,10,31,3409.3741,3145.6781
2026-09-30 20:05:41,1,10,32,3409.3741,3184.3291
2026-09-30 20:05:41,1,10,33,3551.7248,3265.0340
2026-09-30 20:05:41,1,10,34,3551.7248,3247.8343
2026-09-30 20:05:41,1,10,35,3561.1077,3299.4304
2026-09-30 20:05:41,1,10,36,3645.6113,3378.4274
2026-09-30 20:05:41,1,10,37,3652.7549,3363.7179
2026-09-30 20:05:41,1,10,38,3652.7549,3463.1174
2026-09-30 20:05:41,1,10,39,3652.7549,3411.3391
2026-09-30 20:05:41,1,10,40,3652.7549,3498.2248
2026-09-30 20:05:41,1,10,41,3652.7549,3382.1978
2026-09-30 20:05:41,1,10,42,3652.7549,3378.2923
2026-09-30 20:05:41,1,10,43,3652.7549,3358.9022
2026-09-30 20:05:41,1,10,44,3652.7549,3407.8971
2026-09-30 20:05:41,1,10,45,3662.1883,3478.7421
2026-09-30 20:05:41,1,10,46,3679.4093,3418.1228
2026-09-30 20:05:41,1,10,47,3679.4093,3456.1865
2026-09-30 20:05:41,1,10,48,3679.4093,3496.9042
2026-09-30 20:05:41,1,10,49,3679.4093,3547.1352
2026-09-30 20:05:41,1,10,50,3755.4918,3460.5287
2026-09-30 20:05:42,1,11,1,2261.1560,1490.1083
2026-09-30 20:05:42,1,11,2,2276.1519,1772.8557
2026-09-30 20:05:42,1,11,3,2276.1519,1890.6199
2026-09-30 20:05:42,1,11,4,2378.8736,2069.9955
2026-09-30 20:05:42,1,11,5,2378.8736,2205.0886
2026-09-30 20:05:42,1,11,6,2486.5658,2193.8676
2026-09-30 20:05:42,1,11,7,2561.5870,2317.0941
2026-09-30 20:05:42,1,11,8,2583.9592,2340.6628
2026-09-30 20:05:42,1,11,9,2583.9592,2377.4071
2026-09-30 20:05:42,1,11,10,2583.9592,2403.3577
2026-09-30 20:05:42,1,11,11,2589.3451,2345.5638
2026-09-30 20:05:42,1,11,12,2592.0172,2379.3366
2026-09-30 20:05:42,1,11,13,2598.7028,2450.0012
2026-09-30 20:05:42,1,11,14,2598.7028,2471.1979
2026-09-30 20:05:42,1,11,15,2736.6977,2500.9147
2026-09-30 20:05:42,1,11,16,2736.6977,2512.0107
2026-09-30 20:05:42,1,11,17,2736.6977,2613.5252
2026-09-30 20:05:42,1,11,18,2820.2399,2604.2589
2026-09-30 20:05:42,1,11,19,2822.6548,2649.3448
2026-09-30 20:05:42,1,11,20,2988.8391,2709.8126
2026-09-30 20:05:42,1,11,21,2988.8391,2731.1559
2026-09-30 20:05:42,1,11,22,2988.8391,2754.8379
2026-09-30 20:05:42,1,11,23,2988.8391,2703.3142
2026-09-30 20:05:42,1,11,24,3092.8939,2750.2573
2026-09-30 20:05:42,1,11,25,3164.0127,2886.7205
2026-09-30 20:05:42,1,11,26,3168.8814,2879.8104
2026-09-30 20:05:42,1,11,27,3188.1084,2871.6378
2026-09-30 20:05:42,1,11,28,3201.8667,3013.7735
2026-09-30 20:05:42,1,11,29,3201.8667,2994.7162
2026-09-30 20:05:42,1,11,30,3201.8667,3027.7570
2026-09-30 20:05:42,1,11,31,3201.8667,3011.1355
2026-09-30 20:05:42,1,11,32,3203.6281,3079.3022
2026-09-30 20:05:42,1,11,33,3217.9992,3126.1633
2026-09-30 20:05:42,1,11,34,3217.9992,3150.2097
2026-09-30 20:05:42,1,11,35,3518.3719,3145.9750
2026-09-30 20:05:42,1,11,36,3537.8786,3062.6832
2026-09-30 20:05:42,1,11,37,3537.8786,3094.7554
2026-09-30 20:05:42,1,11,38,3537.8786,3103.0897
2026-09-30 20:05:42,1,11,39,3537.8786,3136.5616
2026-09-30 20:05:42,1,11,40,3537.8786,3160.2888
2026-09-30 20:05:42,1,11,41,3537.8786,3255.1425
2026-09-30 20:05:42,1,11,42,3537.8786,3328.0926
2026-09-30 20:05:42,1,11,43,3537.8786,3279.1853
2026-09-30 20:05:42,1,11,44,3537.8786,3305.7408
2026-09-30 20:05:42,1,11,45,3537.8786,3285.5768
2026-09-30 20:05:42,1,11,46,3537.8786,3337.3118
2026-09-30 20:05:42,1,11,47,3715.8280,3338.4710
2026-09-30 20:05:42,1,11,48,3715.8280,3404.4907
2026-09-30 20:05:42,1,11,49,3715.8280,3387.7316
2026-09-30 20:05:42,1,11,50,3715.8280,3480.3594
2026-09-30 20:05:42,1,12,1,3103.0604,1260.5258
2026-09-30 20:05:42,1,12,2,3103.0604,1604.8183
2026-09-30 20:05:42,1,12,3,3103.0604,1769.0787
2026-09-30 20:05:42,1,12,4,3103.0604,2029.8216
2026-09-30 20:05:42,1,12,5,3103.0604,2339.9710
2026-09-30 20:05:42,1,12,6,3103.0604,2542.7890
2026-09-30 20:05:42,1,12,7,3103.0604,2647.6299
2026-09-30 20:05:42,1,12,8,3103.0604,2699.1368
2026-09-30 20:05:42,1,12,9,3103.0604,2700.0851
2026-09-30 20:05:42,1,12,10,3103.0604,2769.9293
2026-09-30 20:05:42,1,12,11,3103.0604,2765.0792
2026-09-30 20:05:42,1,12,12,3103.0604,2754.9611
2026-09-30 20:05:42,1,12,13,3103.0604,2710.3485
2026-09-30 20:05:42,1,12,14,3103.0604,2752.7082
2026-09-30 20:05:42,1,12,15,3103.0604,2833.9779
2026-09-30 20:05:42,1,12,16,3103.0604,2792.7772
2026-09-30 20:05:43,1,13,1,2468.4857,1228.6268
2026-09-30 20:05:43,1,13,2,2477.4529,1662.2950
2026-09-30 20:05:43,1,13,3,2545.2354,2129.7973
2026-09-30 20:05:43,1,13,4,2582.2870,2273.0614
2026-09-30 20:05:43,1,13,5,2648.4978,2451.2442
2026-09-30 20:05:43,1,13,6,2781.6279,2536.4231
2026-09-30 20:05:43,1,13,7,2781.6279,2628.0232
2026-09-30 20:05:43,1,13,8,3170.2533,2624.4781
2026-09-30 20:05:43,1,13,9,3170.2533,2625.7390
2026-09-30 20:05:43,1,13,10,3170.2533,2707.1415
2026-09-30 20:05:43,1,13,11,3170.2533,2787.3341
2026-09-30 20:05:43,1,13,12,3170.2533,2886.5324
2026-09-30 20:05:43,1,13,13,3170.2533,2892.4697
2026-09-30 20:05:43,1,13,14,3170.2533,2915.9999
2026-09-30 20:05:43,1,13,15,3170.2533,2765.0303
2026-09-30 20:05:43,1,13,16,3170.2533,2868.6392
2026-09-30 20:05:43,1,13,17,3325.7886,2998.6356
2026-09-30 20:05:43,1,13,18,3342.0791,3001.1625
2026-09-30 20:05:43,1,13,19,3361.3229,3046.1968
2026-09-30 20:05:43,1,13,20,3361.3229,3131.3949
2026-09-30 20:05:43,1,13,21,3361.3229,3151.6888
2026-09-30 20:05:43,1,13,22,3361.3229,3203.5966
2026-09-30 20:05:43,1,13,23,3361.3229,3227.8667
2026-09-30 20:05:43,1,13,24,3366.0094,3157.4919
2026-09-30 20:05:43,1,13,25,3403.8830,3182.7525
2026-09-30 20:05:43,1,13,26,3410.8923,3222.4883
2026-09-30 20:05:43,1,13,27,3424.9114,3295.7718
2026-09-30 20:05:43,1,13,28,3434.9070,3267.2651
2026-09-30 20:05:43,1,13,29,3434.9070,3313.5974
2026-09-30 20:05:43,1,13,30,3434.9070,3263.4119
2026-09-30 20:05:43,1,13,31,3712.6681,3105.3436
2026-09-30 20:05:43,1,13,32,3712.6681,3290.6952
2026-09-30 20:05:43,1,13,33,3712.6681,3324.0975
2026-09-30 20:05:43,1,13,34,3741.3935,3426.2474
2026-09-30 20:05:43,1,13,35,3789.0953,3518.2986
2026-09-30 20:05:43,1,13,36,3789.0953,3581.4280
2026-09-30 20:05:43,1,13,37,3789.0953,3511.2589
2026-09-30 20:05:43,1,13,38,3789.0953,3525.3510
2026-09-30 20:05:43,1,13,39,3789.0953,3681.8570
2026-09-30 20:05:43,1,13,40,3789.0953,3572.7690
2026-09-30 20:05:43,1,13,41,3790.3068,3604.2868
2026-09-30 20:05:43,1,13,42,3790.3068,3460.8730
2026-09-30 20:05:43,1,13,43,3790.3068,3492.7536
2026-09-30 20:05:43,1,13,44,3791.1530,3711.7753
2026-09-30 20:05:43,1,13,45,3791.1530,3707.6948
2026-09-30 20:05:43,1,13,46,3791.5150,3666.6345
2026-09-30 20:05:43,1,13,47,3796.1953,3645.0619
2026-09-30 20:05:43,1,13,48,3796.1953,3708.8195
2026-09-30 20:05:43,1,13,49,3796.1953,3593.7951
2026-09-30 20:05:43,1,13,50,3796.1953,3605.6647
2026-09-30 20:05:43,1,14,1,2101.1565,1249.6901
2026-09-30 20:05:43,1,14,2,2101.1565,1454.9828
2026-09-30 20:05:43,1,14,3,2101.1565,1754.4249
2026-09-30 20:05:43,1,14,4,2101.1565,1878.5928
2026-09-30 20:05:43,1,14,5,2101.1565,1920.3473
2026-09-30 20:05:43,1,14,6,2272.5233,2005.1666
2026-09-30 20:05:43,1,14,7,2316.5048,2087.8718
2026-09-30 20:05:43,1,14,8,2359.5104,2133.2097
2026-09-30 20:05:43,1,14,9,2359.5104,2227.2502
2026-09-30 20:05:43,1,14,10,2726.7825,2316.0485
2026-09-30 20:05:43,1,14,11,2726.7825,2293.3305
2026-09-30 20:05:43,1,14,12,2782.4878,2464.8755
2026-09-30 20:05:43,1,14,13,2795.2874,2585.1699
2026-09-30 20:05:43,1,14,14,3048.2162,2649.4071
2026-09-30 20:05:43,1,14,15,3048.2162,2715.6779
2026-09-30 20:05:43,1,14,16,3048.2162,2760.1298
2026-09-30 20:05:43,1,14,17,3048.2162,2776.4748
2026-09-30 20:05:43,1,14,18,3048.2162,2764.5859
2026-09-30 20:05:43,1,14,19,3048.2162,2840.1473
2026-09-30 20:05:43,1,14,20,3048.2162,2785.5424
2026-09-30 20:05:43,1,14,21,3048.2162,2828.6237
2026-09-30 20:05:43,1,14,22,3048.2162,2829.5059
2026-09-30 20:05:43,1,14,23,3048.2162,2836.4225
2026-09-30 20:05:43,1,14,24,3048.2162,2895.2241
2026-09-30 20:05:43,1,14,25,3048.2162,2925.9905
2026-09-30 20:05:43,1,14,26,3075.7492,2893.6832
2026-09-30 20:05:43,1,14,27,3219.4707,2984.3143
2026-09-30 20:05:43,1,14,28,3223.0415,2976.2510
2026-09-30 20:05:43,1,14,29,3234.8841,3078.0947
2026-09-30 20:05:43,1,14,30,3234.8841,3133.3922
2026-09-30 20:05:43,1,14,31,3404.6514,3114.3982
2026-09-30 20:05:43,1,14,32,3404.6514,3164.7742
2026-09-30 20:05:43,1,14,33,3404.6514,3122.1875
2026-09-30 20:05:43,1,14,34,3404.6514,3243.8840
2026-09-30 20:05:43,1,14,35,3404.6514,3224.8577
2026-09-30 20:05:43,1,14,36,3404.6514,3276.4737
2026-09-30 20:05:43,1,14,37,3592.2623,3314.4727
2026-09-30 20:05:43,1,14,38,3722.1284,3381.7670
2026-09-30 20:05:43,1,14,39,3730.3601,3497.5818
2026-09-30 20:05:43,1,14,40,3754.8303,3536.3675
2026-09-30 20:05:43,1,14,41,3773.3521,3523.2873
2026-09-30 20:05:43,1,14,42,3773.3521,3648.6408
2026-09-30 20:05:43,1,14,43,3773.3521,3579.3116
2026-09-30 20:05:43,1,14,44,3773.3521,3670.3282
2026-09-30 20:05:43,1,14,45,3773.3521,3568.0246
2026-09-30 20:05:43,1,14,46,3773.3521,3625.2552
2026-09-30 20:05:43,1,14,47,3773.3521,3562.0732
2026-09-30 20:05:43,1,14,48,3773.3521,3564.6373
2026-09-30 20:05:43,1,14,49,3773.3521,3664.7514
2026-09-30 20:05:43,1,14,50,3789.0416,3633.0826
2026-09-30 20:05:44,1,15,1,1890.8169,1047.2012
2026-09-30 20:05:44,1,15,2,1897.4686,1318.2126
2026-09-30 20:05:44,1,15,3,1897.4686,1505.0960
2026-09-30 20:05:44,1,15,4,2030.6575,1695.5926
2026-09-30 20:05:44,1,15,5,2037.3058,1815.6169
2026-09-30 20:05:44,1,15,6,2037.3058,1878.3926
2026-09-30 20:05:44,1,15,7,2105.1541,1935.1496
2026-09-30 20:05:44,1,15,8,2105.1541,1936.0376
2026-09-30 20:05:44,1,15,9,2268.4325,2017.7137
2026-09-30 20:05:44,1,15,10,2407.1883,2120.8757
2026-09-30 20:05:44,1,15,11,2435.6764,2107.8340
2026-09-30 20:05:44,1,15,12,2440.6822,2257.8774
2026-09-30 20:05:44,1,15,13,2547.3609,2339.1049
2026-09-30 20:05:44,1,15,14,2626.2923,2431.3227
2026-09-30 20:05:44,1,15,15,2992.7950,2493.7898
2026-09-30 20:05:44,1,15,16,2992.7950,2612.8038
2026-09-30 20:05:44,1,15,17,2992.7950,2723.1981
2026-09-30 20:05:44,1,15,18,3030.8418,2818.6714
2026-09-30 20:05:44,1,15,19,3030.8418,2771.0331
2026-09-30 20:05:44,1,15,20,3030.8418,2781.4540
2026-09-30 20:05:44,1,15,21,3030.8418,2831.5636
2026-09-30 20:05:44,1,15,22,3030.8418,2855.3723
2026-09-30 20:05:44,1,15,23,3030.8418,2818.3168
2026-09-30 20:05:44,1,15,24,3030.8418,2807.8822
2026-09-30 20:05:44,1,15,25,3030.8418,2758.1552
2026-09-30 20:05:44,1,15,26,3030.8418,2877.1748
2026-09-30 20:05:44,1,15,27,3330.6880,2875.9305
2026-09-30 20:05:44,1,15,28,3330.6880,2896.2666
2026-09-30 20:05:44,1,15,29,3342.4587,2956.3136
2026-09-30 20:05:44,1,15,30,3358.6470,3002.0273
2026-09-30 20:05:44,1,15,31,3358.6470,3170.4515
2026-09-30 20:05:44,1,15,32,3358.6470,3209.0959
2026-09-30 20:05:44,1,15,33,3358.6470,3160.0538
2026-09-30 20:05:44,1,15,34,3358.6470,3129.0629
2026-09-30 20:05:44,1,15,35,3358.6470,3105.1194
2026-09-30 20:05:44,1,15,36,3358.6470,3196.9201
2026-09-30 20:05:44,1,15,37,3485.9640,3237.2832
2026-09-30 20:05:44,1,15,38,3498.4450,3190.5354
2026-09-30 20:05:44,1,15,39,3498.4450,3232.2732
2026-09-30 20:05:44,1,15,40,3498.4450,3301.6789
2026-09-30 20:05:44,1,15,41,3509.4676,3307.1106
2026-09-30 20:05:44,1,15,42,3512.3334,3240.6125
2026-09-30 20:05:44,1,15,43,3568.9290,3343.3602
2026-09-30 20:05:44,1,15,44,3592.8640,3317.0328
2026-09-30 20:05:44,1,15,45,3603.6756,3384.7556
2026-09-30 20:05:44,1,15,46,3615.1778,3486.1128
2026-09-30 20:05:44,1,15,47,3615.1778,3417.7745
2026-09-30 20:05:44,1,15,48,3762.7568,3479.7156
2026-09-30 20:05:44,1,15,49,3788.4459,3518.7148
2026-09-30 20:05:44,1,15,50,3788.4459,3612.2502
2026-09-30 20:05:46,1,16,1,2260.5966,1346.7286
2026-09-30 20:05:46,1,16,2,2357.1788,1742.2854
2026-09-30 20:05:46,1,16,3,2569.6311,2262.9519
2026-09-30 20:05:46,1,16,4,2569.6311,2344.8411
2026-09-30 20:05:46,1,16,5,2654.6389,2448.2805
2026-09-30 20:05:46,1,16,6,2654.6389,2475.7860
2026-09-30 20:05:46,1,16,7,2705.1135,2561.5109
2026-09-30 20:05:46,1,16,8,2722.0523,2565.4518
2026-09-30 20:05:46,1,16,9,2722.0523,2573.0345
2026-09-30 20:05:46,1,16,10,2827.0448,2637.3416
2026-09-30 20:05:46,1,16,11,2827.0448,2639.5498
2026-09-30 20:05:46,1,16,12,2827.0448,2678.0266
2026-09-30 20:05:46,1,16,13,2827.0448,2651.0454
2026-09-30 20:05:46,1,16,14,3033.7447,2690.1819
2026-09-30 20:05:46,1,16,15,3033.7447,2643.7347
2026-09-30 20:05:46,1,16,16,3033.7447,2740.6878
2026-09-30 20:05:46,1,16,17,3114.7162,2751.5688
2026-09-30 20:05:46,1,16,18,3118.7621,2787.4821
2026-09-30 20:05:46,1,16,19,3261.0096,2873.8645
2026-09-30 20:05:46,1,16,20,3262.3469,2909.0136
2026-09-30 20:05:46,1,16,21,3262.3469,2896.3930
2026-09-30 20:05:46,1,16,22,3262.3469,3083.4975
2026-09-30 20:05:46,1,16,23,3262.3469,3063.1262
2026-09-30 20:05:46,1,16,24,3264.5779,3092.7702
2026-09-30 20:05:46,1,16,25,3520.7311,3151.3560
2026-09-30 20:05:46,1,16,26,3533.3168,3214.4066
2026-09-30 20:05:46,1,16,27,3541.5203,3268.2174
2026-09-30 20:05:46,1,16,28,3541.5203,3279.3901
2026-09-30 20:05:46,1,16,29,3541.5203,3341.3711
2026-09-30 20:05:46,1,16,30,3541.5203,3377.8540
2026-09-30 20:05:46,1,16,31,3541.5203,3417.5501
2026-09-30 20:05:46,1,16,32,3572.8439,3375.4159
2026-09-30 20:05:46,1,16,33,3572.8439,3412.5016
2026-09-30 20:05:46,1,16,34,3572.8439,3441.8209
2026-09-30 20:05:46,1,16,35,3581.8820,3318.4276
2026-09-30 20:05:46,1,16,36,3620.4950,3374.4834
2026-09-30 20:05:46,1,16,37,3620.4950,3509.0233
2026-09-30 20:05:46,1,16,38,3620.4950,3484.7255
2026-09-30 20:05:46,1,16,39,3724.5947,3380.3614
2026-09-30 20:05:46,1,16,40,3732.1630,3418.2284
2026-09-30 20:05:46,1,16,41,3732.1630,3431.1464
2026-09-30 20:05:46,1,16,42,3732.1630,3466.3624
2026-09-30 20:05:46,1,16,43,3732.1630,3529.0386
2026-09-30 20:05:46,1,16,44,3732.1630,3482.1259
2026-09-30 20:05:46,1,16,45,3732.1630,3606.4203
2026-09-30 20:05:46,1,16,46,3773.9056,3596.1159
2026-09-30 20:05:46,1,16,47,3773.9056,3573.2911
2026-09-30 20:05:46,1,16,48,3773.9056,3458.9109
2026-09-30 20:05:46,1,16,49,3782.2135,3534.8985
2026-09-30 20:05:46,1,16,50,3782.2135,3598.7679
2026-09-30 20:05:47,1,17,1,2112.5318,1320.9478
2026-09-30 20:05:47,1,17,2,2214.2327,1606.1763
2026-09-30 20:05:47,1,17,3,2569.8593,1795.6501
2026-09-30 20:05:47,1,17,4,2569.8593,2032.3581
2026-09-30 20:05:47,1,17,5,2570.1466,2305.2706
2026-09-30 20:05:47,1,17,6,2665.6529,2439.1192
2026-09-30 20:05:47,1,17,7,2665.6529,2494.5608
2026-09-30 20:05:47,1,17,8,2665.6529,2533.6385
2026-09-30 20:05:47,1,17,9,2665.6529,2502.2148
2026-09-30 20:05:47,1,17,10,2830.7446,2573.3446
2026-09-30 20:05:47,1,17,11,2830.7446,2563.1830
2026-09-30 20:05:47,1,17,12,2834.1052,2576.3033
2026-09-30 20:05:47,1,17,13,2834.1052,2522.7254
2026-09-30 20:05:47,1,17,14,2835.7806,2605.7562
2026-09-30 20:05:47,1,17,15,2840.0959,2605.2286
2026-09-30 20:05:47,1,17,16,2840.0959,2575.4440
2026-09-30 20:05:47,1,17,17,2898.8120,2644.4835
2026-09-30 20:05:47,1,17,18,2963.4416,2660.7244
2026-09-30 20:05:47,1,17,19,2985.0378,2819.3436
2026-09-30 20:05:47,1,17,20,3035.4061,2787.3596
2026-09-30 20:05:47,1,17,21,3113.1938,2910.2713
2026-09-30 20:05:47,1,17,22,3206.3287,2922.5609
2026-09-30 20:05:47,1,17,23,3303.0655,3004.2940
2026-09-30 20:05:47,1,17,24,3303.0655,2964.1008
2026-09-30 20:05:47,1,17,25,3306.9617,3051.8978
2026-09-30 20:05:47,1,17,26,3306.9617,3074.4778
2026-09-30 20:05:47,1,17,27,3440.8723,3230.8884
2026-09-30 20:05:47,1,17,28,3440.8723,3254.6395
2026-09-30 20:05:47,1,17,29,3440.8723,3162.8827
2026-09-30 20:05:47,1,17,30,3440.8723,3230.6511
2026-09-30 20:05:47,1,17,31,3440.8723,3200.5680
2026-09-30 20:05:47,1,17,32,3540.4536,3263.5729
2026-09-30 20:05:47,1,17,33,3594.4286,3186.4315
2026-09-30 20:05:47,1,17,34,3602.6844,3299.4656
2026-09-30 20:05:47,1,17,35,3602.6844,3331.1670
2026-09-30 20:05:47,1,17,36,3602.6844,3339.2243
2026-09-30 20:05:47,1,17,37,3684.7458,3469.9945
2026-09-30 20:05:47,1,17,38,3706.8038,3511.1433
2026-09-30 20:05:47,1,17,39,3706.8038,3488.8749
2026-09-30 20:05:47,1,17,40,3706.8038,3509.1591
2026-09-30 20:05:47,1,17,41,3706.8038,3545.6294
2026-09-30 20:05:47,1,17,42,3729.3433,3638.1005
2026-09-30 20:05:47,1,17,43,3770.6176,3658.0349
2026-09-30 20:05:47,1,17,44,3777.1739,3642.8944
2026-09-30 20:05:47,1,17,45,3780.9030,3552.7279
2026-09-30 20:05:47,1,17,46,3780.9030,3572.4165
2026-09-30 20:05:47,1,17,47,3788.1795,3599.9136
2026-09-30 20:05:47,1,17,48,3788.1795,3681.0128
2026-09-30 20:05:47,1,17,49,3788.9451,3700.5490
2026-09-30 20:05:47,1,17,50,3790.6835,3538.8290
2026-09-30 20:06:09,1,18,1,2697.0468,1321.0836
2026-09-30 20:06:09,1,18,2,2697.0468,1751.4080
2026-09-30 20:06:09,1,18,3,2697.0468,1948.2207
2026-09-30 20:06:09,1,18,4,2697.0468,2120.2890
2026-09-30 20:06:09,1,18,5,2697.0468,2363.5332
2026-09-30 20:06:09,1,18,6,2697.0468,2440.3465
2026-09-30 20:06:09,1,18,7,2829.6789,2550.1743
2026-09-30 20:06:09,1,18,8,2905.6240,2566.2245
2026-09-30 20:06:09,1,18,9,2905.6240,2695.9941
2026-09-30 20:06:09,1,18,10,3088.8038,2734.1557
2026-09-30 20:06:09,1,18,11,3113.1798,2802.3018
2026-09-30 20:06:09,1,18,12,3113.1798,2852.0511
2026-09-30 20:06:09,1,18,13,3113.1798,2925.0759
2026-09-30 20:06:09,1,18,14,3128.9236,3025.5966
2026-09-30 20:06:09,1,18,15,3197.7817,3035.8632
2026-09-30 20:06:09,1,18,16,3197.7817,3018.7074
2026-09-30 20:06:09,1,18,17,3215.1098,3011.9301
2026-09-30 20:06:09,1,18,18,3215.1098,3042.1290
2026-09-30 20:06:09,1,18,19,3215.1098,2996.4670
2026-09-30 20:06:09,1,18,20,3215.1098,3124.9686
2026-09-30 20:06:09,1,18,21,3219.0784,3077.3525
2026-09-30 20:06:09,1,18,22,3219.0784,3150.5106
2026-09-30 20:06:09,1,18,23,3220.9392,3138.0999
2026-09-30 20:06:09,1,18,24,3233.0438,3113.5173
2026-09-30 20:06:09,1,18,25,3774.9324,3220.0331
2026-09-30 20:06:09,1,18,26,3774.9324,3169.6365
2026-09-30 20:06:09,1,18,27,3774.9324,3234.9455
2026-09-30 20:06:09,1,18,28,3774.9324,3180.2335
2026-09-30 20:06:09,1,18,29,3774.9324,3243.6945
2026-09-30 20:06:09,1,18,30,3774.9324,3367.6621
2026-09-30 20:06:09,1,18,31,3774.9324,3570.0890
2026-09-30 20:06:09,1,18,32,3774.9324,3471.9008
2026-09-30 20:06:09,1,18,33,3778.5405,3578.6148
2026-09-30 20:06:09,1,18,34,3778.5405,3492.4750
2026-09-30 20:06:09,1,18,35,3778.5405,3508.2672
2026-09-30 20:06:09,1,18,36,3785.2280,3496.7187
2026-09-30 20:06:09,1,18,37,3787.4911,3558.2869
2026-09-30 20:06:09,1,18,38,3794.0567,3613.4373
2026-09-30 20:06:09,1,18,39,3794.0567,3570.9224
2026-09-30 20:06:09,1,18,40,3794.0567,3511.7673
2026-09-30 20:06:11,1,19,1,2753.4063,1197.6811
2026-09-30 20:06:11,1,19,2,2753.6846,1895.3246
2026-09-30 20:06:11,1,19,3,2845.7509,2414.0498
2026-09-30 20:06:11,1,19,4,2950.4697,2638.4615
2026-09-30 20:06:11,1,19,5,2950.4697,2677.8136
2026-09-30 20:06:11,1,19,6,3065.9169,2773.4341
2026-09-30 20:06:11,1,19,7,3065.9169,2813.4045
2026-09-30 20:06:11,1,19,8,3172.8065,2876.0603
2026-09-30 20:06:11,1,19,9,3177.8109,2971.0883
2026-09-30 20:06:11,1,19,10,3177.8109,2960.0255
2026-09-30 20:06:11,1,19,11,3177.8109,2993.0893
2026-09-30 20:06:11,1,19,12,3217.5075,3099.3969
2026-09-30 20:06:11,1,19,13,3219.6479,2944.3670
2026-09-30 20:06:11,1,19,14,3226.1411,3136.1831
2026-09-30 20:06:11,1,19,15,3233.6220,3091.7842
2026-09-30 20:06:11,1,19,16,3233.6220,3142.1736
2026-09-30 20:06:11,1,19,17,3233.6220,3148.7571
2026-09-30 20:06:11,1,19,18,3246.9113,3104.2488
2026-09-30 20:06:11,1,19,19,3246.9113,3114.2063
2026-09-30 20:06:11,1,19,20,3246.9113,3064.9373
2026-09-30 20:06:11,1,19,21,3246.9113,3091.7229
2026-09-30 20:06:11,1,19,22,3684.4125,3132.8084
2026-09-30 20:06:11,1,19,23,3684.4125,3141.5729
2026-09-30 20:06:11,1,19,24,3684.4125,3118.0550
2026-09-30 20:06:11,1,19,25,3684.4125,3165.4802
2026-09-30 20:06:11,1,19,26,3684.4125,3127.6539
2026-09-30 20:06:11,1,19,27,3684.4125,3120.5471
2026-09-30 20:06:11,1,19,28,3740.0233,3262.6994
2026-09-30 20:06:11,1,19,29,3759.4377,3311.0072
2026-09-30 20:06:11,1,19,30,3770.4442,3471.2307
2026-09-30 20:06:11,1,19,31,3770.4442,3637.7547
2026-09-30 20:06:11,1,19,32,3770.4442,3535.4039
2026-09-30 20:06:11,1,19,33,3770.4442,3552.4262
2026-09-30 20:06:11,1,19,34,3774.5701,3611.1973
2026-09-30 20:06:11,1,19,35,3774.5701,3597.8360
2026-09-30 20:06:11,1,19,36,3774.5701,3544.0314
2026-09-30 20:06:11,1,19,37,3774.5701,3625.6521
2026-09-30 20:06:11,1,19,38,3774.5701,3561.7351
2026-09-30 20:06:11,1,19,39,3785.1711,3550.2780
2026-09-30 20:06:11,1,19,40,3785.1711,3681.1155
2026-09-30 20:06:11,1,19,41,3785.1711,3592.4870
2026-09-30 20:06:11,1,19,42,3791.7117,3649.8776
2026-09-30 20:06:11,1,19,43,3791.7117,3650.0688
2026-09-30 20:06:11,1,19,44,3791.7117,3682.6449
2026-09-30 20:06:11,1,20,1,1968.6192,1141.2655
2026-09-30 20:06:11,1,20,2,1968.6192,1495.8595
2026-09-30 20:06:11,1,20,3,2090.4009,1721.3671
2026-09-30 20:06:11,1,20,4,2179.9018,1834.4619
2026-09-30 20:06:11,1,20,5,2645.4311,1973.4453
2026-09-30 20:06:11,1,20,6,2645.4311,2161.7131
2026-09-30 20:06:11,1,20,7,2645.4311,2380.0755
2026-09-30 20:06:11,1,20,8,2645.4311,2361.9818
2026-09-30 20:06:11,1,20,9,2645.4311,2389.1833
2026-09-30 20:06:11,1,20,10,2984.4509,2479.3598
2026-09-30 20:06:11,1,20,11,2997.2582,2590.8808
2026-09-30 20:06:11,1,20,12,3306.4255,2760.0406
2026-09-30 20:06:11,1,20,13,3313.2372,2902.4566
2026-09-30 20:06:11,1,20,14,3349.5612,3072.9693
2026-09-30 20:06:11,1,20,15,3349.5612,3101.0903
2026-09-30 20:06:11,1,20,16,3402.5089,3254.4190
2026-09-30 20:06:11,1,20,17,3447.9944,3135.3598
2026-09-30 20:06:11,1,20,18,3448.1592,3262.8801
2026-09-30 20:06:11,1,20,19,3557.2430,3187.4297
2026-09-30 20:06:11,1,20,20,3557.2430,3255.2315
2026-09-30 20:06:11,1,20,21,3557.2430,3341.6807
2026-09-30 20:06:11,1,20,22,3701.5149,3361.7190
2026-09-30 20:06:11,1,20,23,3702.6630,3432.5238
2026-09-30 20:06:11,1,20,24,3709.7274,3541.5502
2026-09-30 20:06:11,1,20,25,3709.7274,3519.5078
2026-09-30 20:06:11,1,20,26,3717.2628,3611.8315
2026-09-30 20:06:11,1,20,27,3717.2628,3599.3669
2026-09-30 20:06:11,1,20,28,3752.7658,3521.3701
2026-09-30 20:06:11,1,20,29,3775.0850,3558.8661
2026-09-30 20:06:11,1,20,30,3775.0850,3476.4695
2026-09-30 20:06:11,1,20,31,3777.0549,3516.1262
2026-09-30 20:06:11,1,20,32,3784.5017,3558.7799
2026-09-30 20:06:11,1,20,33,3787.1789,3701.1397
2026-09-30 20:06:11,1,20,34,3787.1789,3647.6507
2026-09-30 20:06:11,1,20,35,3787.1789,3540.0989
2026-09-30 20:06:11,1,20,36,3788.6093,3624.4440
2026-09-30 20:06:11,1,20,37,3788.6093,3581.8110
2026-09-30 20:06:11,1,20,38,3794.2470,3625.7299
2026-09-30 20:06:11,1,20,39,3794.2470,3580.1997
2026-09-30 20:06:11,1,20,40,3794.2470,3597.0716
2026-09-30 20:06:11,1,20,41,3794.2470,3694.7061
2026-09-30 20:06:11,1,20,42,3794.2470,3593.9958
2026-09-30 20:06:11,1,20,43,3794.2470,3567.7302
2026-09-30 20:06:11,1,20,44,3794.2470,3637.3435
2026-09-30 20:06:13,1,21,1,2048.7560,1259.4164
2026-09-30 20:06:13,1,21,2,2052.9359,1677.6472
2026-09-30 20:06:13,1,21,3,2315.1333,1965.8206
2026-09-30 20:06:13,1,21,4,2507.2619,2062.0322
2026-09-30 20:06:13,1,21,5,2573.7348,2186.1564
2026-09-30 20:06:13,1,21,6,2592.1722,2241.7761
2026-09-30 20:06:13,1,21,7,2724.6269,2347.2804
2026-09-30 20:06:13,1,21,8,2724.6269,2382.9534
2026-09-30 20:06:13,1,21,9,2724.6269,2472.1310
2026-09-30 20:06:13,1,21,10,2867.0214,2535.2393
2026-09-30 20:06:13,1,21,11,2873.8900,2589.2161
2026-09-30 20:06:13,1,21,12,2929.0170,2635.1320
2026-09-30 20:06:13,1,21,13,2946.4350,2757.9494
2026-09-30 20:06:13,1,21,14,3196.2519,2779.5172
2026-09-30 20:06:13,1,21,15,3196.2519,2890.6346
2026-09-30 20:06:13,1,21,16,3196.2519,2961.3036
2026-09-30 20:06:13,1,21,17,3202.9489,3121.4667
2026-09-30 20:06:13,1,21,18,3223.6924,3138.8478
2026-09-30 20:06:13,1,21,19,3702.9693,3187.5773
2026-09-30 20:06:13,1,21,20,3702.9693,3117.2415
2026-09-30 20:06:13,1,21,21,3702.9693,3163.9433
2026-09-30 20:06:13,1,21,22,3702.9693,3198.1035
2026-09-30 20:06:13,1,21,23,3702.9693,3171.7333
2026-09-30 20:06:13,1,21,24,3763.3495,3297.7027
2026-09-30 20:06:13,1,21,25,3763.3495,3327.2590
2026-09-30 20:06:13,1,21,26,3763.3495,3363.1406
2026-09-30 20:06:13,1,21,27,3763.3495,3402.2493
2026-09-30 20:06:13,1,21,28,3763.3495,3578.2357
2026-09-30 20:06:13,1,21,29,3777.7728,3513.5998
2026-09-30 20:06:13,1,21,30,3777.7728,3554.5307
2026-09-30 20:06:13,1,21,31,3777.7728,3479.2118
2026-09-30 20:06:13,1,21,32,3785.0999,3559.2746
2026-09-30 20:06:13,1,21,33,3799.3992,3644.9661
2026-09-30 20:06:13,1,21,34,3799.3992,3723.8646
2026-09-30 20:06:13,1,21,35,3799.3992,3569.6502
2026-09-30 20:06:13,1,21,36,3799.3992,3592.7235
2026-09-30 20:06:13,1,21,37,3799.3992,3611.5193
2026-09-30 20:06:13,1,21,38,3799.3992,3687.3391
2026-09-30 20:06:13,1,21,39,3799.3992,3578.1769
2026-09-30 20:06:15,1,22,1,2537.7646,1160.9914
2026-09-30 20:06:15,1,22,2,2537.7646,1456.3045
2026-09-30 20:06:15,1,22,3,2537.7646,1657.3634
2026-09-30 20:06:15,1,22,4,2537.7646,1828.5131
2026-09-30 20:06:15,1,22,5,2537.7646,1935.7512
2026-09-30 20:06:15,1,22,6,2537.7646,1909.7327
2026-09-30 20:06:15,1,22,7,2537.7646,2015.2747
2026-09-30 20:06:15,1,22,8,2537.7646,2051.7645
2026-09-30 20:06:15,1,22,9,2537.7646,2106.3860
2026-09-30 20:06:15,1,22,10,2537.7646,2089.2469
2026-09-30 20:06:15,1,22,11,2537.7646,2157.4441
2026-09-30 20:06:15,1,22,12,2537.7646,2205.9851
2026-09-30 20:06:15,1,22,13,2537.7646,2285.0748
2026-09-30 20:06:15,1,22,14,2606.9025,2314.8402
2026-09-30 20:06:15,1,22,15,2606.9025,2328.6196
2026-09-30 20:06:15,1,22,16,2606.9025,2343.8633
2026-09-30 20:06:15,1,22,17,2879.2087,2459.8867
2026-09-30 20:06:15,1,22,18,3331.9411,2537.4574
2026-09-30 20:06:15,1,22,19,3333.8352,2649.9607
2026-09-30 20:06:15,1,22,20,3333.8352,2811.5620
2026-09-30 20:06:15,1,22,21,3373.8276,2871.8614
2026-09-30 20:06:15,1,22,22,3373.8276,2947.2549
2026-09-30 20:06:15,1,22,23,3373.8276,3013.6377
2026-09-30 20:06:15,1,22,24,3373.8276,3080.6147
2026-09-30 20:06:15,1,22,25,3373.8276,3230.4530
2026-09-30 20:06:15,1,22,26,3761.5408,3247.4824
2026-09-30 20:06:15,1,22,27,3772.2038,3304.2852
2026-09-30 20:06:15,1,22,28,3777.8293,3377.5506
2026-09-30 20:06:15,1,22,29,3785.7470,3595.8528
2026-09-30 20:06:15,1,22,30,3790.1483,3536.3959
2026-09-30 20:06:15,1,22,31,3790.1483,3639.8742
2026-09-30 20:06:15,1,22,32,3790.1483,3594.0030
2026-09-30 20:06:15,1,22,33,3791.6363,3666.4929
2026-09-30 20:06:15,1,22,34,3791.6363,3661.4487
2026-09-30 20:06:15,1,22,35,3791.6363,3682.7597
2026-09-30 20:06:15,1,22,36,3791.6363,3347.6312
2026-09-30 20:06:15,1,22,37,3791.6363,3511.2063
2026-09-30 20:06:15,1,22,38,3791.6363,3548.2452
2026-09-30 20:06:15,1,22,39,3791.6363,3665.5231
2026-09-30 20:06:15,1,22,40,3791.6363,3552.7815
2026-09-30 20:06:15,1,22,41,3791.6363,3657.1543
2026-09-30 20:06:15,1,23,1,2023.0898,1273.8431
2026-09-30 20:06:15,1,23,2,2023.0898,1445.6085
2026-09-30 20:06:15,1,23,3,2023.0898,1742.6505
2026-09-30 20:06:15,1,23,4,2023.0898,1806.4905
2026-09-30 20:06:15,1,23,5,2133.0558,1964.9878
2026-09-30 20:06:15,1,23,6,2327.3207,2018.1632
2026-09-30 20:06:15,1,23,7,2340.0279,2124.5869
2026-09-30 20:06:15,1,23,8,2407.1679,2248.6528
2026-09-30 20:06:15,1,23,9,2407.1679,2218.6016
2026-09-30 20:06:15,1,23,10,2623.0822,2277.8339
2026-09-30 20:06:15,1,23,11,2673.1526,2348.8639
2026-09-30 20:06:15,1,23,12,2796.1538,2376.5489
2026-09-30 20:06:15,1,23,13,2796.1538,2501.1467
2026-09-30 20:06:15,1,23,14,2797.1996,2586.0163
2026-09-30 20:06:15,1,23,15,2966.8606,2522.6784
2026-09-30 20:06:15,1,23,16,2973.3862,2680.7256
2026-09-30 20:06:15,1,23,17,2973.3862,2687.0894
2026-09-30 20:06:15,1,23,18,2980.8618,2771.5179
2026-09-30 20:06:15,1,23,19,2980.8618,2843.4053
2026-09-30 20:06:15,1,23,20,2996.9879,2829.3760
2026-09-30 20:06:15,1,23,21,3005.9199,2901.0972
2026-09-30 20:06:15,1,23,22,3031.7986,2885.7613
2026-09-30 20:06:15,1,23,23,3091.2952,2739.7586
2026-09-30 20:06:15,1,23,24,3558.4752,2986.7615
2026-09-30 20:06:15,1,23,25,3789.2363,3089.4088
2026-09-30 20:06:15,1,23,26,3789.2363,3156.8472
2026-09-30 20:06:15,1,23,27,3789.2363,3253.6616
2026-09-30 20:06:15,1,23,28,3789.2363,3285.7357
2026-09-30 20:06:15,1,23,29,3790.1971,3500.1651
2026-09-30 20:06:15,1,23,30,3790.1971,3558.5681
2026-09-30 20:06:15,1,23,31,3790.1971,3594.0808
2026-09-30 20:06:15,1,23,32,3798.0067,3667.5036
2026-09-30 20:06:15,1,23,33,3799.2914,3726.8152
2026-09-30 20:06:15,1,23,34,3799.2914,3642.7270
2026-09-30 20:06:15,1,23,35,3799.2914,3679.0258
2026-09-30 20:06:15,1,23,36,3799.2914,3679.0342
2026-09-30 20:06:15,1,23,37,3799.2914,3653.5722
2026-09-30 20:06:15,1,23,38,3802.4517,3563.4791
2026-09-30 20:06:15,1,23,39,3802.4517,3597.4652
2026-09-30 20:06:15,1,23,40,3802.4517,3634.8081
2026-09-30 20:06:15,1,24,1,2548.8747,1341.6567
2026-09-30 20:06:15,1,24,2,2549.2823,1971.2873
2026-09-30 20:06:15,1,24,3,2549.2823,2280.8899
2026-09-30 20:06:15,1,24,4,3192.8493,2485.3199
2026-09-30 20:06:15,1,24,5,3192.8493,2612.2549
2026-09-30 20:06:15,1,24,6,3211.3390,2822.9465
2026-09-30 20:06:15,1,24,7,3507.0330,3036.4759
2026-09-30 20:06:15,1,24,8,3524.7753,3123.8444
2026-09-30 20:06:15,1,24,9,3524.7753,3152.3931
2026-09-30 20:06:15,1,24,10,3613.9272,3248.9199
2026-09-30 20:06:15,1,24,11,3615.7977,3322.1068
2026-09-30 20:06:15,1,24,12,3621.7982,3461.3704
2026-09-30 20:06:15,1,24,13,3677.0184,3454.3458
2026-09-30 20:06:15,1,24,14,3677.0184,3455.9044
2026-09-30 20:06:15,1,24,15,3677.0184,3521.4313
2026-09-30 20:06:15,1,24,16,3677.0184,3449.4714
2026-09-30 20:06:15,1,24,17,3677.0184,3443.8898
2026-09-30 20:06:15,1,24,18,3677.0184,3514.9799
2026-09-30 20:06:15,1,24,19,3723.9528,3464.4780
2026-09-30 20:06:15,1,24,20,3749.1826,3512.3467
2026-09-30 20:06:15,1,24,21,3769.1885,3534.5678
2026-09-30 20:06:15,1,24,22,3769.1885,3483.8511
2026-09-30 20:06:15,1,24,23,3769.1885,3590.7089
2026-09-30 20:06:15,1,24,24,3770.5572,3560.4089
2026-09-30 20:06:15,1,24,25,3776.2518,3631.5412
2026-09-30 20:06:15,1,24,26,3776.2518,3683.5997
2026-09-30 20:06:15,1,24,27,3776.2518,3691.6693
2026-09-30 20:06:15,1,24,28,3779.3522,3631.4801
2026-09-30 20:06:15,1,24,29,3782.5831,3644.7926
2026-09-30 20:06:15,1,24,30,3782.5831,3495.8045
2026-09-30 20:06:15,1,24,31,3791.3765,3623.4413
2026-09-30 20:06:15,1,24,32,3791.3765,3582.5712
2026-09-30 20:06:15,1,24,33,3791.3765,3574.6413
2026-09-30 20:06:15,1,24,34,3791.3765,3549.3783
2026-09-30 20:06:15,1,24,35,3792.8211,3526.6799
2026-09-30 20:06:15,1,24,36,3792.8211,3734.0422
2026-09-30 20:06:15,1,25,1,2356.5385,1084.8137
2026-09-30 20:06:15,1,25,2,2369.7140,1535.7796
2026-09-30 20:06:15,1,25,3,2369.7140,1938.3278
2026-09-30 20:06:15,1,25,4,2900.7454,2215.3166
2026-09-30 20:06:15,1,25,5,2900.7454,2483.8639
2026-09-30 20:06:15,1,25,6,2932.5732,2605.1691
2026-09-30 20:06:15,1,25,7,3046.8444,2828.2298
2026-09-30 20:06:15,1,25,8,3231.0387,2804.7252
2026-09-30 20:06:15,1,25,9,3236.8354,2887.9148
2026-09-30 20:06:15,1,25,10,3286.6969,3015.1862
2026-09-30 20:06:15,1,25,11,3418.6787,3104.6296
2026-09-30 20:06:15,1,25,12,3434.9223,3253.5722
2026-09-30 20:06:15,1,25,13,3516.8345,3364.2586
2026-09-30 20:06:15,1,25,14,3516.8345,3320.3016
2026-09-30 20:06:15,1,25,15,3516.8345,3300.9704
2026-09-30 20:06:15,1,25,16,3516.8345,3428.3355
2026-09-30 20:06:15,1,25,17,3516.8345,3438.9194
2026-09-30 20:06:15,1,25,18,3706.9963,3426.5426
2026-09-30 20:06:15,1,25,19,3706.9963,3361.8406
2026-09-30 20:06:15,1,25,20,3706.9963,3446.9684
2026-09-30 20:06:15,1,25,21,3706.9963,3471.4310
2026-09-30 20:06:15,1,25,22,3706.9963,3537.1050
2026-09-30 20:06:15,1,25,23,3775.1453,3598.5042
2026-09-30 20:06:15,1,25,24,3780.0913,3520.7104
2026-09-30 20:06:15,1,25,25,3780.0913,3610.7779
2026-09-30 20:06:15,1,25,26,3792.6277,3675.3064
2026-09-30 20:06:15,1,25,27,3792.6277,3661.0047
2026-09-30 20:06:15,1,25,28,3792.6277,3563.0605
2026-09-30 20:06:15,1,25,29,3794.1793,3684.4742
2026-09-30 20:06:15,1,25,30,3794.1793,3556.3784
2026-09-30 20:06:15,1,25,31,3794.1793,3606.6654
2026-09-30 20:06:15,1,25,32,3794.1793,3592.7748
2026-09-30 20:06:15,1,25,33,3802.5627,3706.0601
2026-09-30 20:06:15,1,25,34,3802.5627,3671.3339
2026-09-30 20:06:15,1,25,35,3802.5627,3561.5526
2026-09-30 20:06:15,1,25,36,3802.5627,3599.7189
2026-09-30 20:06:15,1,25,37,3802.5627,3503.1512
2026-09-30 20:06:15,1,25,38,3802.5627,3636.9497
2026-09-30 20:06:16,1,26,1,2139.2134,1085.1071
2026-09-30 20:06:16,1,26,2,2139.2134,1324.5906
2026-09-30 20:06:16,1,26,3,2139.2134,1572.5519
2026-09-30 20:06:16,1,26,4,2139.2134,1714.0920
2026-09-30 20:06:16,1,26,5,2144.5088,1781.7033
2026-09-30 20:06:16,1,26,6,2144.5088,1788.6391
2026-09-30 20:06:16,1,26,7,2144.5088,1890.2874
2026-09-30 20:06:16,1,26,8,2282.5997,1950.0497
2026-09-30 20:06:16,1,26,9,2282.5997,1988.8481
2026-09-30 20:06:16,1,26,10,2282.5997,2108.5210
2026-09-30 20:06:16,1,26,11,2284.9652,2124.4557
2026-09-30 20:06:16,1,26,12,2292.4146,2086.9063
2026-09-30 20:06:16,1,26,13,2374.3124,2128.1982
2026-09-30 20:06:16,1,26,14,2374.3124,2231.1108
2026-09-30 20:06:16,1,26,15,2379.0793,2173.1722
2026-09-30 20:06:16,1,26,16,2439.5258,2235.2074
2026-09-30 20:06:16,1,26,17,2615.5195,2308.2080
2026-09-30 20:06:16,1,26,18,2615.5195,2295.7783
2026-09-30 20:06:16,1,26,19,2615.5195,2309.5969
2026-09-30 20:06:16,1,26,20,2615.5195,2347.6760
2026-09-30 20:06:16,1,26,21,2615.5195,2398.8037
2026-09-30 20:06:16,1,26,22,2742.2373,2413.4077
2026-09-30 20:06:16,1,26,23,2742.2373,2441.1344
2026-09-30 20:06:16,1,26,24,2817.2774,2464.2685
2026-09-30 20:06:16,1,26,25,2835.7999,2530.4783
2026-09-30 20:06:16,1,26,26,2846.3643,2670.6611
2026-09-30 20:06:16,1,26,27,2846.3643,2719.2172
2026-09-30 20:06:16,1,26,28,2848.3633,2731.3021
2026-09-30 20:06:16,1,26,29,2848.3633,2705.4701
2026-09-30 20:06:16,1,26,30,3034.8190,2730.4527
2026-09-30 20:06:16,1,26,31,3090.1451,2790.1080
2026-09-30 20:06:16,1,26,32,3099.5416,2803.8279
2026-09-30 20:06:16,1,26,33,3107.6199,2885.8606
2026-09-30 20:06:16,1,26,34,3107.6199,2942.4599
2026-09-30 20:06:16,1,26,35,3118.6876,2936.0631
2026-09-30 20:06:16,1,26,36,3208.2517,2967.7643
2026-09-30 20:06:16,1,26,37,3212.5489,2982.0731
2026-09-30 20:06:16,1,26,38,3212.5489,3047.9387
2026-09-30 20:06:16,1,26,39,3228.1125,3052.3449
2026-09-30 20:06:16,1,26,40,3228.1125,3099.2080
2026-09-30 20:06:16,1,26,41,3228.1125,3007.6324
2026-09-30 20:06:16,1,26,42,3228.1125,3100.7658
2026-09-30 20:06:16,1,26,43,3228.1125,3090.5568
2026-09-30 20:06:16,1,26,44,3228.1125,3120.5684
2026-09-30 20:06:16,1,26,45,3228.1125,3038.8174
2026-09-30 20:06:16,1,26,46,3664.4033,3176.9306
2026-09-30 20:06:16,1,26,47,3664.4033,3191.0745
2026-09-30 20:06:16,1,26,48,3686.8345,3374.0723
2026-09-30 20:06:16,1,26,49,3712.4794,3603.4131
2026-09-30 20:06:16,1,26,50,3712.4794,3567.1169
2026-09-30 20:06:17,1,27,1,2026.5812,1159.5523
2026-09-30 20:06:17,1,27,2,2574.5356,1578.8107
2026-09-30 20:06:17,1,27,3,2608.3057,1979.4708
2026-09-30 20:06:17,1,27,4,2646.7192,2264.7212
2026-09-30 20:06:17,1,27,5,2718.3178,2382.3187
2026-09-30 20:06:17,1,27,6,2718.3178,2400.7190
2026-09-30 20:06:17,1,27,7,2718.4442,2478.2766
2026-09-30 20:06:17,1,27,8,2718.4442,2574.0324
2026-09-30 20:06:17,1,27,9,2757.4969,2583.3882
2026-09-30 20:06:17,1,27,10,2849.7777,2654.3641
2026-09-30 20:06:17,1,27,11,2849.7777,2612.5935
2026-09-30 20:06:17,1,27,12,2849.7777,2666.0215
2026-09-30 20:06:17,1,27,13,2849.7777,2627.1737
2026-09-30 20:06:17,1,27,14,2849.7777,2704.1628
2026-09-30 20:06:17,1,27,15,2928.6133,2726.8990
2026-09-30 20:06:17,1,27,16,2943.1901,2662.4504
2026-09-30 20:06:17,1,27,17,2943.1901,2676.6697
2026-09-30 20:06:17,1,27,18,2943.1901,2749.1194
2026-09-30 20:06:17,1,27,19,2979.7336,2813.2870
2026-09-30 20:06:17,1,27,20,3028.6897,2843.9755
2026-09-30 20:06:17,1,27,21,3028.6897,2828.2659
2026-09-30 20:06:17,1,27,22,3028.6897,2837.4417
2026-09-30 20:06:17,1,27,23,3028.6897,2918.3708
2026-09-30 20:06:17,1,27,24,3258.7519,2945.1572
2026-09-30 20:06:17,1,27,25,3408.9579,2974.5936
2026-09-30 20:06:17,1,27,26,3626.1408,3140.2799
2026-09-30 20:06:17,1,27,27,3626.1408,3191.3837
2026-09-30 20:06:17,1,27,28,3626.1408,3287.2930
2026-09-30 20:06:17,1,27,29,3626.1408,3305.4395
2026-09-30 20:06:17,1,27,30,3626.1408,3415.8441
2026-09-30 20:06:17,1,27,31,3696.8958,3544.5097
2026-09-30 20:06:17,1,27,32,3708.9352,3500.9417
2026-09-30 20:06:17,1,27,33,3710.4180,3495.5683
2026-09-30 20:06:17,1,27,34,3753.0809,3584.1726
2026-09-30 20:06:17,1,27,35,3757.3816,3588.2477
2026-09-30 20:06:17,1,27,36,3765.1279,3555.9529
2026-09-30 20:06:17,1,27,37,3771.8185,3575.4926
2026-09-30 20:06:17,1,27,38,3776.0306,3495.7447
2026-09-30 20:06:17,1,27,39,3776.0306,3534.5815
2026-09-30 20:06:17,1,27,40,3776.0306,3491.2080
2026-09-30 20:06:17,1,27,41,3793.0346,3532.4512
2026-09-30 20:06:17,1,27,42,3793.0346,3615.0430
2026-09-30 20:06:17,1,27,43,3793.0346,3711.1482
2026-09-30 20:06:17,1,27,44,3793.0346,3572.4843
2026-09-30 20:06:17,1,27,45,3793.0346,3756.2807
2026-09-30 20:06:17,1,27,46,3799.6755,3701.0176
2026-09-30 20:06:17,1,27,47,3799.6755,3624.7734
2026-09-30 20:06:17,1,27,48,3799.6755,3655.7800
2026-09-30 20:06:17,1,27,49,3799.6755,3687.4301
2026-09-30 20:06:17,1,27,50,3799.6755,3565.1825
2026-09-30 20:06:21,1,28,1,1703.5589,1243.8637
2026-09-30 20:06:21,1,28,2,1703.5589,1423.5075
2026-09-30 20:06:21,1,28,3,1910.7540,1543.3356
2026-09-30 20:06:21,1,28,4,1910.7540,1603.2138
2026-09-30 20:06:21,1,28,5,1955.0086,1713.2602
2026-09-30 20:06:21,1,28,6,1966.5349,1760.5634
2026-09-30 20:06:21,1,28,7,1966.5349,1840.0698
2026-09-30 20:06:21,1,28,8,1974.1286,1829.8723
2026-09-30 20:06:21,1,28,9,1974.1286,1883.1844
2026-09-30 20:06:21,1,28,10,2147.8851,1934.4264
2026-09-30 20:06:21,1,28,11,2147.8851,1877.8593
2026-09-30 20:06:21,1,28,12,2147.8851,1920.6064
2026-09-30 20:06:21,1,28,13,2431.1399,1991.3975
2026-09-30 20:06:21,1,28,14,2431.1399,2031.8198
2026-09-30 20:06:21,1,28,15,2431.1399,2168.7034
2026-09-30 20:06:21,1,28,16,2431.1399,2225.4629
2026-09-30 20:06:21,1,28,17,2431.1399,2233.3760
2026-09-30 20:06:21,1,28,18,2431.1399,2291.5581
2026-09-30 20:06:21,1,28,19,2527.7866,2306.1686
2026-09-30 20:06:21,1,28,20,2527.7866,2318.9738
2026-09-30 20:06:21,1,28,21,2545.2525,2355.5935
2026-09-30 20:06:21,1,28,22,2714.5589,2455.2712
2026-09-30 20:06:21,1,28,23,2765.0098,2490.2818
2026-09-30 20:06:21,1,28,24,2805.5990,2524.9908
2026-09-30 20:06:21,1,28,25,3026.7168,2649.8114
2026-09-30 20:06:21,1,28,26,3143.8008,2808.6251
2026-09-30 20:06:21,1,28,27,3143.8008,2806.0878
2026-09-30 20:06:21,1,28,28,3143.8008,2843.5592
2026-09-30 20:06:21,1,28,29,3143.8008,2930.6342
2026-09-30 20:06:21,1,28,30,3143.8008,2976.1935
2026-09-30 20:06:21,1,28,31,3143.8008,3000.2346
2026-09-30 20:06:21,1,28,32,3143.8008,2998.2271
2026-09-30 20:06:21,1,28,33,3143.8008,2950.6136
2026-09-30 20:06:21,1,28,34,3143.8008,2954.1895
2026-09-30 20:06:21,1,28,35,3205.4473,2857.3891
2026-09-30 20:06:21,1,28,36,3205.4473,2948.5737
2026-09-30 20:06:21,1,28,37,3205.4473,2962.4424
2026-09-30 20:06:21,1,28,38,3209.8893,3066.1399
2026-09-30 20:06:21,1,28,39,3209.8893,3085.3983
2026-09-30 20:06:21,1,28,40,3214.8919,3063.5732
2026-09-30 20:06:21,1,28,41,3217.5664,3053.3046
2026-09-30 20:06:21,1,28,42,3217.5664,3091.3658
2026-09-30 20:06:21,1,28,43,3406.1498,3161.0348
2026-09-30 20:06:21,1,28,44,3406.1498,3076.9799
2026-09-30 20:06:21,1,28,45,3411.8555,3197.6145
2026-09-30 20:06:21,1,28,46,3412.5224,3245.4833
2026-09-30 20:06:21,1,28,47,3413.3614,3276.0894
2026-09-30 20:06:21,1,28,48,3421.5368,3305.9043
2026-09-30 20:06:21,1,28,49,3421.5368,3175.9480
2026-09-30 20:06:21,1,28,50,3507.3493,3242.2922
2026-09-30 20:06:22,1,29,1,2119.6538,1126.1728
2026-09-30 20:06:22,1,29,2,2280.2441,1594.9371
2026-09-30 20:06:22,1,29,3,2287.5910,1846.0169
2026-09-30 20:06:22,1,29,4,2298.7071,2054.7322
2026-09-30 20:06:22,1,29,5,2491.7377,2146.7904
2026-09-30 20:06:22,1,29,6,2491.7377,2221.6295
2026-09-30 20:06:22,1,29,7,2614.3217,2390.7437
2026-09-30 20:06:22,1,29,8,2635.7173,2480.4281
2026-09-30 20:06:22,1,29,9,2635.7173,2476.3451
2026-09-30 20:06:22,1,29,10,2635.7173,2469.8984
2026-09-30 20:06:22,1,29,11,2726.7415,2457.7514
2026-09-30 20:06:22,1,29,12,2726.7415,2440.1636
2026-09-30 20:06:22,1,29,13,2726.7415,2467.0108
2026-09-30 20:06:22,1,29,14,2726.7415,2541.0116
2026-09-30 20:06:22,1,29,15,2726.7415,2473.8399
2026-09-30 20:06:22,1,29,16,2726.7415,2552.4031
2026-09-30 20:06:22,1,29,17,2885.0438,2569.3678
2026-09-30 20:06:22,1,29,18,2889.4511,2609.9991
2026-09-30 20:06:22,1,29,19,2889.4511,2726.7308
2026-09-30 20:06:22,1,29,20,2889.4511,2822.1627
2026-09-30 20:06:22,1,29,21,2899.3088,2788.0071
2026-09-30 20:06:22,1,29,22,3099.6535,2855.8136
2026-09-30 20:06:22,1,29,23,3244.9423,2906.3971
2026-09-30 20:06:22,1,29,24,3244.9423,2911.5390
2026-09-30 20:06:22,1,29,25,3244.9423,2962.2384
2026-09-30 20:06:22,1,29,26,3255.0210,2985.6713
2026-09-30 20:06:22,1,29,27,3255.0210,3030.0112
2026-09-30 20:06:22,1,29,28,3334.6765,3092.7265
2026-09-30 20:06:22,1,29,29,3336.6328,3050.5456
2026-09-30 20:06:22,1,29,30,3343.9466,3129.9196
2026-09-30 20:06:22,1,29,31,3453.3335,3226.6409
2026-09-30 20:06:22,1,29,32,3467.5994,3248.3383
2026-09-30 20:06:22,1,29,33,3523.4558,3209.2902
2026-09-30 20:06:22,1,29,34,3523.4558,3339.7761
2026-09-30 20:06:22,1,29,35,3523.4558,3375.4023
2026-09-30 20:06:22,1,29,36,3523.4558,3357.8000
2026-09-30 20:06:22,1,29,37,3613.1933,3289.4895
2026-09-30 20:06:22,1,29,38,3613.1933,3434.4399
2026-09-30 20:06:22,1,29,39,3613.1933,3409.7891
2026-09-30 20:06:22,1,29,40,3613.1933,3432.6560
2026-09-30 20:06:22,1,29,41,3692.0427,3429.0778
2026-09-30 20:06:22,1,29,42,3735.6496,3507.5597
2026-09-30 20:06:22,1,29,43,3759.8755,3519.8110
2026-09-30 20:06:22,1,29,44,3764.0105,3590.2304
2026-09-30 20:06:22,1,29,45,3764.0105,3698.8334
2026-09-30 20:06:22,1,29,46,3782.7095,3566.0358
2026-09-30 20:06:22,1,29,47,3788.7605,3534.1672
2026-09-30 20:06:22,1,29,48,3788.7605,3645.5213
2026-09-30 20:06:22,1,29,49,3788.7605,3639.0605
2026-09-30 20:06:22,1,29,50,3788.7605,3591.3351
2026-09-30 20:06:22,1,30,1,2175.8923,1163.6268
2026-09-30 20:06:22,1,30,2,2242.3418,1755.5844
2026-09-30 20:06:22,1,30,3,2245.4888,2014.5352
2026-09-30 20:06:22,1,30,4,2245.4888,2100.2554
2026-09-30 20:06:22,1,30,5,2320.8964,2158.2108
2026-09-30 20:06:22,1,30,6,2320.8964,2117.1187
2026-09-30 20:06:22,1,30,7,2320.8964,2167.8839
2026-09-30 20:06:22,1,30,8,2320.8964,2135.3582
2026-09-30 20:06:22,1,30,9,2320.8964,2144.6117
2026-09-30 20:06:22,1,30,10,2493.4985,2166.0559
2026-09-30 20:06:22,1,30,11,2493.7187,2246.8709
2026-09-30 20:06:22,1,30,12,2501.4184,2339.8894
2026-09-30 20:06:22,1,30,13,2830.8128,2399.4850
2026-09-30 20:06:22,1,30,14,2830.8128,2559.8098
2026-09-30 20:06:22,1,30,15,2867.8067,2681.1121
2026-09-30 20:06:22,1,30,16,3149.6548,2759.5840
2026-09-30 20:06:22,1,30,17,3163.9099,2791.1731
2026-09-30 20:06:22,1,30,18,3163.9099,2819.3967
2026-09-30 20:06:22,1,30,19,3163.9099,2846.2494
2026-09-30 20:06:22,1,30,20,3163.9099,2897.8529
2026-09-30 20:06:22,1,30,21,3163.9099,2959.0175
2026-09-30 20:06:22,1,30,22,3244.0980,2967.2592
2026-09-30 20:06:22,1,30,23,3244.0980,2994.9918
2026-09-30 20:06:22,1,30,24,3244.0980,3102.0487
2026-09-30 20:06:22,1,30,25,3244.0980,3092.5039
2026-09-30 20:06:22,1,30,26,3244.0980,3139.5619
2026-09-30 20:06:22,1,30,27,3244.0980,3129.8453
2026-09-30 20:06:22,1,30,28,3244.0980,3074.9810
2026-09-30 20:06:22,1,30,29,3244.0980,3105.6954
2026-09-30 20:06:22,1,30,30,3244.0980,3158.5004
2026-09-30 20:06:22,1,30,31,3536.8762,3107.9353
2026-09-30 20:06:22,1,30,32,3667.0717,3166.6159
2026-09-30 20:06:22,1,30,33,3667.0717,3254.3755
2026-09-30 20:06:22,1,30,34,3667.0717,3323.0359
2026-09-30 20:06:22,1,30,35,3681.0842,3395.8384
2026-09-30 20:06:22,1,30,36,3691.5831,3399.5064
2026-09-30 20:06:22,1,30,37,3700.5688,3488.6153
2026-09-30 20:06:22,1,30,38,3763.8393,3619.7399
2026-09-30 20:06:22,1,30,39,3766.8931,3658.0506
2026-09-30 20:06:22,1,30,40,3766.8931,3640.1842
2026-09-30 20:06:22,1,30,41,3766.8931,3620.9729
2026-09-30 20:06:22,1,30,42,3766.8931,3580.0464
2026-09-30 20:06:22,1,30,43,3790.3682,3551.8599
2026-09-30 20:06:22,1,30,44,3790.3682,3645.0291
2026-09-30 20:06:22,1,30,45,3790.3682,3560.4533
2026-09-30 20:06:22,1,30,46,3791.4791,3575.1116
2026-09-30 20:06:22,1,30,47,3791.4791,3476.6218
2026-09-30 20:06:22,1,30,48,3791.4791,3550.6044
2026-09-30 20:06:22,1,30,49,3791.4791,3520.2664
2026-09-30 20:06:22,1,30,50,3791.4791,3521.9734
2026-09-30 20:07:29,2,31,1,3969.8445,1519.7646
2026-09-30 20:07:29,2,31,2,4188.4438,2291.1980
2026-09-30 20:07:29,2,31,3,4188.4438,2773.8174
2026-09-30 20:07:29,2,31,4,4188.4438,3286.6190
2026-09-30 20:07:29,2,31,5,4196.1633,3481.4227
2026-09-30 20:07:29,2,31,6,4393.5054,3656.7341
2026-09-30 20:07:29,2,31,7,4393.5054,3761.8405
2026-09-30 20:07:29,2,31,8,4393.5054,4005.9927
2026-09-30 20:07:29,2,31,9,4397.8455,4001.0903
2026-09-30 20:07:29,2,31,10,4446.4462,4144.0043
2026-09-30 20:07:29,2,31,11,4460.5009,4208.1021
2026-09-30 20:07:29,2,31,12,4460.5009,4214.3265
2026-09-30 20:07:29,2,31,13,4473.3937,4122.3611
2026-09-30 20:07:29,2,31,14,4474.2163,4189.9237
2026-09-30 20:07:29,2,31,15,4474.2163,4249.1331
2026-09-30 20:07:29,2,31,16,4482.0501,4171.4085
2026-09-30 20:07:29,2,31,17,4482.0501,4146.3734
2026-09-30 20:07:29,2,31,18,4482.0501,4223.1697
2026-09-30 20:07:29,2,31,19,4482.0501,4121.2669
2026-09-30 20:07:29,2,31,20,4482.0501,4241.3817
2026-09-30 20:07:29,2,31,21,4482.0501,4162.8756
2026-09-30 20:07:29,2,31,22,4482.0501,4228.8543
2026-09-30 20:07:29,2,31,23,4482.0501,4190.0228
2026-09-30 20:07:29,2,31,24,4482.0501,4271.9707
2026-09-30 20:07:29,2,31,25,4482.0501,4244.8950
2026-09-30 20:07:34,2,32,1,3397.0697,1598.7660
2026-09-30 20:07:34,2,32,2,3626.1660,2305.1371
2026-09-30 20:07:34,2,32,3,3676.8439,2681.3717
2026-09-30 20:07:34,2,32,4,3676.8439,2693.3457
2026-09-30 20:07:34,2,32,5,3676.8439,2912.2057
2026-09-30 20:07:34,2,32,6,3676.8439,2940.3346
2026-09-30 20:07:34,2,32,7,3676.8439,3015.2431
2026-09-30 20:07:34,2,32,8,3844.2053,2924.6588
2026-09-30 20:07:34,2,32,9,3844.2053,3036.6228
2026-09-30 20:07:34,2,32,10,3895.0450,2924.7944
2026-09-30 20:07:34,2,32,11,3952.4356,2859.8675
2026-09-30 20:07:34,2,32,12,3952.4356,3004.5930
2026-09-30 20:07:34,2,32,13,3952.4356,3074.3880
2026-09-30 20:07:34,2,32,14,3952.4356,3268.5164
2026-09-30 20:07:34,2,32,15,3952.4356,3309.6224
2026-09-30 20:07:34,2,32,16,3952.4356,3156.7600
2026-09-30 20:07:34,2,32,17,3952.4356,3185.3950
2026-09-30 20:07:34,2,32,18,3952.4356,3414.2042
2026-09-30 20:07:34,2,32,19,3952.4356,3213.4039
2026-09-30 20:07:34,2,32,20,3952.4356,3119.0072
2026-09-30 20:07:34,2,32,21,3952.4356,3285.5890
2026-09-30 20:07:34,2,32,22,3952.4356,3494.3673
2026-09-30 20:07:34,2,32,23,3952.4356,3349.1536
2026-09-30 20:07:34,2,32,24,3952.4356,3383.4499
2026-09-30 20:07:34,2,32,25,3952.4356,3355.1918
2026-09-30 20:07:34,2,32,26,3952.4866,3267.4038
2026-09-30 20:07:41,2,33,1,3933.4364,1714.6832
2026-09-30 20:07:41,2,33,2,3933.4364,2301.4473
2026-09-30 20:07:41,2,33,3,3933.4364,2452.0073
2026-09-30 20:07:41,2,33,4,3933.4364,2664.3943
2026-09-30 20:07:41,2,33,5,3933.4364,2871.7293
2026-09-30 20:07:41,2,33,6,3933.4364,2889.8891
2026-09-30 20:07:41,2,33,7,3933.4364,2931.9677
2026-09-30 20:07:41,2,33,8,3933.4364,3066.9706
2026-09-30 20:07:41,2,33,9,3936.0022,3245.8658
2026-09-30 20:07:41,2,33,10,3947.6202,3347.3120
2026-09-30 20:07:41,2,33,11,3951.7038,3510.4426
2026-09-30 20:07:41,2,33,12,4138.3138,3565.2683
2026-09-30 20:07:41,2,33,13,4138.3138,3602.1538
2026-09-30 20:07:41,2,33,14,4138.3138,3650.8751
2026-09-30 20:07:41,2,33,15,4138.3138,3702.0410
2026-09-30 20:07:41,2,33,16,4138.3138,3565.8892
2026-09-30 20:07:41,2,33,17,4138.3138,3609.7545
2026-09-30 20:07:41,2,33,18,4138.3138,3669.6839
2026-09-30 20:07:41,2,33,19,4138.3138,3587.2817
2026-09-30 20:07:41,2,33,20,4138.3138,3734.8144
2026-09-30 20:07:41,2,33,21,4138.3138,3561.1599
2026-09-30 20:07:41,2,33,22,4138.3138,3709.9116
2026-09-30 20:07:41,2,33,23,4138.3138,3640.8909
2026-09-30 20:07:41,2,33,24,4138.3138,3678.4799
2026-09-30 20:07:41,2,33,25,4138.3138,3576.4504
2026-09-30 20:07:41,2,33,26,4138.3138,3662.8201
2026-09-30 20:07:41,2,33,27,4138.3138,3571.9551
2026-09-30 20:07:45,2,34,1,4074.6157,1545.1367
2026-09-30 20:07:45,2,34,2,4278.9868,2191.1278
2026-09-30 20:07:45,2,34,3,4286.0283,2430.2565
2026-09-30 20:07:45,2,34,4,4368.1468,2807.8855
2026-09-30 20:07:45,2,34,5,4368.1468,3007.1058
2026-09-30 20:07:45,2,34,6,4550.9632,3387.6747
2026-09-30 20:07:45,2,34,7,4905.0463,3787.1432
2026-09-30 20:07:45,2,34,8,4905.0463,3770.3621
2026-09-30 20:07:45,2,34,9,4962.0681,3820.1884
2026-09-30 20:07:45,2,34,10,4962.0681,3772.5627
2026-09-30 20:07:45,2,34,11,5058.9912,3740.4612
2026-09-30 20:07:45,2,34,12,5058.9912,3824.8814
2026-09-30 20:07:45,2,34,13,5089.9677,3873.1832
2026-09-30 20:07:45,2,34,14,5107.0761,4104.8669
2026-09-30 20:07:45,2,34,15,5187.8032,4244.5301
2026-09-30 20:07:45,2,34,16,5187.8032,4211.0992
2026-09-30 20:07:45,2,34,17,5200.0872,4250.6476
2026-09-30 20:07:45,2,34,18,5200.0872,4388.9209
2026-09-30 20:07:45,2,34,19,5200.0872,4113.2792
2026-09-30 20:07:45,2,34,20,5200.0872,4143.4534
2026-09-30 20:07:45,2,34,21,5200.0872,4440.0954
2026-09-30 20:07:45,2,34,22,5200.0872,4560.6953
2026-09-30 20:07:45,2,34,23,5200.0872,4589.8287
2026-09-30 20:07:45,2,34,24,5200.0872,4654.1251
2026-09-30 20:07:45,2,34,25,5200.0872,4719.9520
2026-09-30 20:07:45,2,34,26,5200.0872,4622.5219
2026-09-30 20:07:45,2,34,27,5200.0872,4618.6089
2026-09-30 20:07:45,2,34,28,5200.0872,4752.3729
2026-09-30 20:07:45,2,34,29,5200.0872,4789.9425
2026-09-30 20:07:45,2,34,30,5200.0872,4595.9029
2026-09-30 20:07:48,2,35,1,3691.7317,1556.8957
2026-09-30 20:07:48,2,35,2,4385.3039,2463.7436
2026-09-30 20:07:48,2,35,3,4414.2358,3028.5246
2026-09-30 20:07:48,2,35,4,4414.2358,3067.9445
2026-09-30 20:07:48,2,35,5,4414.2358,3217.9872
2026-09-30 20:07:48,2,35,6,4414.2358,3290.6998
2026-09-30 20:07:48,2,35,7,4463.2521,3508.7335
2026-09-30 20:07:48,2,35,8,4463.2521,3595.1477
2026-09-30 20:07:48,2,35,9,4470.4142,3706.1940
2026-09-30 20:07:48,2,35,10,4609.9161,3731.9590
2026-09-30 20:07:48,2,35,11,4609.9161,3875.1681
2026-09-30 20:07:48,2,35,12,4774.1400,4076.6004
2026-09-30 20:07:48,2,35,13,4810.3033,4287.7643
2026-09-30 20:07:48,2,35,14,4812.4948,4365.5039
2026-09-30 20:07:48,2,35,15,4862.4071,4342.9830
2026-09-30 20:07:48,2,35,16,4862.4071,4220.3194
2026-09-30 20:07:48,2,35,17,4862.4071,4222.2552
2026-09-30 20:07:48,2,35,18,4862.4071,4242.3478
2026-09-30 20:07:48,2,35,19,4862.4071,4384.5092
2026-09-30 20:07:48,2,35,20,4885.8257,4525.9192
2026-09-30 20:07:48,2,35,21,4885.8257,4472.3754
2026-09-30 20:07:48,2,35,22,4885.8257,4433.8162
2026-09-30 20:07:48,2,35,23,4885.8257,4245.8453
2026-09-30 20:07:48,2,35,24,4885.8257,4500.4329
2026-09-30 20:07:48,2,35,25,4885.8257,4250.9991
2026-09-30 20:07:48,2,35,26,4885.8257,4443.7063
2026-09-30 20:07:48,2,35,27,4885.8257,4414.5959
2026-09-30 20:07:48,2,35,28,4902.7209,4556.0376
2026-09-30 20:07:48,2,35,29,4902.7209,4448.0765
2026-09-30 20:07:48,2,35,30,4902.7209,4444.0297
2026-09-30 20:08:08,2,36,1,3917.3264,1810.9341
2026-09-30 20:08:08,2,36,2,3917.3264,2385.7058
2026-09-30 20:08:08,2,36,3,3953.2998,2732.0499
2026-09-30 20:08:08,2,36,4,3953.2998,2969.6918
2026-09-30 20:08:08,2,36,5,3953.2998,3172.0707
2026-09-30 20:08:08,2,36,6,3953.2998,3329.6784
2026-09-30 20:08:08,2,36,7,3973.4473,3447.6753
2026-09-30 20:08:08,2,36,8,4318.5112,3685.5426
2026-09-30 20:08:08,2,36,9,4318.5112,3683.9581
2026-09-30 20:08:08,2,36,10,4357.3446,3799.8299
2026-09-30 20:08:08,2,36,11,4555.0182,4015.3797
2026-09-30 20:08:08,2,36,12,4555.0182,4005.5476
2026-09-30 20:08:08,2,36,13,4555.0182,4272.6653
2026-09-30 20:08:08,2,36,14,4666.0017,4171.5943
2026-09-30 20:08:08,2,36,15,4666.0017,4260.3668
2026-09-30 20:08:08,2,36,16,4935.8306,4192.1580
2026-09-30 20:08:08,2,36,17,4935.8306,4437.0228
2026-09-30 20:08:08,2,36,18,4935.8306,4357.8129
2026-09-30 20:08:08,2,36,19,5006.6661,4233.1412
2026-09-30 20:08:08,2,36,20,5006.6661,4533.1828
2026-09-30 20:08:08,2,36,21,5121.2751,4602.8093
2026-09-30 20:08:08,2,36,22,5125.8531,4683.0670
2026-09-30 20:08:08,2,36,23,5181.6619,4557.0710
2026-09-30 20:08:08,2,36,24,5181.6619,4743.3238
2026-09-30 20:08:08,2,36,25,5181.6619,4616.1401
2026-09-30 20:08:08,2,36,26,5181.6619,4655.3226
2026-09-30 20:08:08,2,36,27,5181.6619,4728.8248
2026-09-30 20:08:08,2,36,28,5181.6619,4685.2189
2026-09-30 20:08:08,2,36,29,5183.6375,4716.8527
2026-09-30 20:08:08,2,36,30,5183.6375,4632.4158
2026-09-30 20:08:08,2,36,31,5183.6375,4487.3498
2026-09-30 20:08:08,2,36,32,5183.6375,4692.4822
2026-09-30 20:08:08,2,36,33,5183.6375,4708.2828
2026-09-30 20:08:08,2,36,34,5183.6375,4661.1971
2026-09-30 20:08:08,2,36,35,5183.6375,4464.8566
2026-09-30 20:08:08,2,36,36,5183.6375,4750.0096
2026-09-30 20:08:08,2,36,37,5183.6375,4707.9229
2026-09-30 20:08:08,2,36,38,5183.6375,4708.3123
2026-09-30 20:08:13,2,37,1,3762.4235,1662.3117
2026-09-30 20:08:13,2,37,2,3779.9432,2223.9662
2026-09-30 20:08:13,2,37,3,3927.2036,2374.6391
2026-09-30 20:08:13,2,37,4,3995.3763,2716.2709
2026-09-30 20:08:13,2,37,5,4048.3727,3077.6902
2026-09-30 20:08:13,2,37,6,4048.3727,2992.1984
2026-09-30 20:08:13,2,37,7,4071.9538,3317.1110
2026-09-30 20:08:13,2,37,8,4109.5862,3390.8859
2026-09-30 20:08:13,2,37,9,4109.5862,3362.2520
2026-09-30 20:08:13,2,37,10,4109.5862,3215.4383
2026-09-30 20:08:13,2,37,11,4109.5862,3351.7350
2026-09-30 20:08:13,2,37,12,4113.8986,3489.0904
2026-09-30 20:08:13,2,37,13,4113.8986,3486.7517
2026-09-30 20:08:13,2,37,14,4113.8986,3528.1798
2026-09-30 20:08:13,2,37,15,4218.7191,3475.3497
2026-09-30 20:08:13,2,37,16,4218.7191,3520.9297
2026-09-30 20:08:13,2,37,17,4218.7191,3380.5622
2026-09-30 20:08:13,2,37,18,4220.9139,3514.5307
2026-09-30 20:08:13,2,37,19,4220.9139,3477.3085
2026-09-30 20:08:13,2,37,20,4220.9139,3413.2402
2026-09-30 20:08:13,2,37,21,4220.9139,3570.5562
2026-09-30 20:08:13,2,37,22,4220.9139,3581.7781
2026-09-30 20:08:13,2,37,23,4220.9139,3530.5505
2026-09-30 20:08:13,2,37,24,4228.4756,3469.3206
2026-09-30 20:08:13,2,37,25,4251.9985,3541.3125
2026-09-30 20:08:13,2,37,26,4251.9985,3457.9336
2026-09-30 20:08:13,2,37,27,4330.1872,3436.4334
2026-09-30 20:08:13,2,37,28,4330.1872,3473.1630
2026-09-30 20:08:13,2,37,29,4330.1872,3585.1899
2026-09-30 20:08:13,2,37,30,4330.1872,3526.5809
2026-09-30 20:08:13,2,37,31,4330.1872,3595.5490
2026-09-30 20:08:13,2,37,32,4330.1872,3628.5477
2026-09-30 20:08:13,2,37,33,4330.1872,3520.0029
2026-09-30 20:08:13,2,37,34,4359.8579,3618.7524
2026-09-30 20:08:13,2,37,35,4433.9572,3499.9497
2026-09-30 20:08:13,2,37,36,4433.9572,3408.7242
2026-09-30 20:08:13,2,37,37,4441.1505,3555.2386
2026-09-30 20:08:13,2,37,38,4441.1505,3437.3047
2026-09-30 20:08:13,2,37,39,4441.1505,3557.0929
2026-09-30 20:08:13,2,37,40,4503.4366,3703.1060
2026-09-30 20:08:13,2,37,41,4673.3853,3499.2783
2026-09-30 20:08:13,2,37,42,4683.6953,3730.0080
2026-09-30 20:08:13,2,37,43,4683.6953,3674.0563
2026-09-30 20:08:13,2,37,44,4683.6953,3983.1641
2026-09-30 20:08:13,2,37,45,4693.0474,4064.0108
2026-09-30 20:08:13,2,37,46,4693.0474,4204.0764
2026-09-30 20:08:13,2,37,47,4693.0474,4292.0947
2026-09-30 20:08:13,2,37,48,4693.0474,4139.4238
2026-09-30 20:08:13,2,37,49,4696.0386,4132.5951
2026-09-30 20:08:13,2,37,50,4712.1771,3992.4356
2026-09-30 20:08:14,2,38,1,4023.7293,1529.4374
2026-09-30 20:08:14,2,38,2,4132.2822,2041.6989
2026-09-30 20:08:14,2,38,3,4132.2822,2313.5440
2026-09-30 20:08:14,2,38,4,4155.5734,2798.4776
2026-09-30 20:08:14,2,38,5,4155.5734,2910.1430
2026-09-30 20:08:14,2,38,6,4352.3420,3154.2946
2026-09-30 20:08:14,2,38,7,4352.3420,3528.2703
2026-09-30 20:08:14,2,38,8,4352.3420,3677.9930
2026-09-30 20:08:14,2,38,9,4352.3420,3599.2285
2026-09-30 20:08:14,2,38,10,4352.3420,3578.8472
2026-09-30 20:08:14,2,38,11,4352.3420,3791.0357
2026-09-30 20:08:14,2,38,12,4352.3420,3708.5717
2026-09-30 20:08:14,2,38,13,4458.0512,3705.4882
2026-09-30 20:08:14,2,38,14,4458.0512,3542.1431
2026-09-30 20:08:14,2,38,15,4458.0512,3604.7282
2026-09-30 20:08:14,2,38,16,4488.1780,3656.6223
2026-09-30 20:08:14,2,38,17,4488.1780,3872.3628
2026-09-30 20:08:14,2,38,18,4488.1780,3813.9109
2026-09-30 20:08:14,2,38,19,4488.1780,3860.1848
2026-09-30 20:08:14,2,38,20,4536.4601,3676.2314
2026-09-30 20:08:14,2,38,21,4550.3476,3863.6931
2026-09-30 20:08:14,2,38,22,4640.8063,3862.6389
2026-09-30 20:08:14,2,38,23,4651.6355,3718.9193
2026-09-30 20:08:14,2,38,24,4702.9483,4001.0442
2026-09-30 20:08:14,2,38,25,4702.9483,3889.0248
2026-09-30 20:08:14,2,38,26,4702.9483,3916.8323
2026-09-30 20:08:14,2,38,27,4702.9483,4023.6424
2026-09-30 20:08:14,2,38,28,4702.9483,4224.7569
2026-09-30 20:08:14,2,38,29,4720.4914,4181.0304
2026-09-30 20:08:14,2,38,30,4720.4914,4139.8620
2026-09-30 20:08:14,2,38,31,4732.6445,4278.2430
2026-09-30 20:08:14,2,38,32,4732.6445,4134.1223
2026-09-30 20:08:14,2,38,33,4732.6445,4289.1441
2026-09-30 20:08:14,2,38,34,4732.6445,4253.9557
2026-09-30 20:08:14,2,38,35,4755.6548,4351.1910
2026-09-30 20:08:14,2,38,36,4766.0859,4334.4852
2026-09-30 20:08:14,2,38,37,4766.0859,4317.7377
2026-09-30 20:08:14,2,38,38,4766.0859,4208.8183
2026-09-30 20:08:14,2,38,39,4766.0859,4162.0063
2026-09-30 20:08:14,2,38,40,4766.0859,4330.9200
2026-09-30 20:08:14,2,38,41,4766.0859,4188.8723
2026-09-30 20:08:14,2,38,42,4781.2511,4308.9962
2026-09-30 20:08:14,2,38,43,4781.2511,4162.2970
2026-09-30 20:08:14,2,38,44,4781.2511,4165.8109
2026-09-30 20:08:14,2,38,45,4781.2511,4262.8203
2026-09-30 20:08:14,2,38,46,4781.2511,4231.8982
2026-09-30 20:08:14,2,38,47,4781.2511,4354.0231
2026-09-30 20:08:14,2,38,48,4781.2511,4166.4059
2026-09-30 20:08:14,2,38,49,4781.2511,4362.3328
2026-09-30 20:08:14,2,38,50,4781.2511,4366.5467
2026-09-30 20:08:16,2,39,1,4218.0774,1765.7997
2026-09-30 20:08:16,2,39,2,4551.5475,2242.7510
2026-09-30 20:08:16,2,39,3,4630.3350,2873.7025
2026-09-30 20:08:16,2,39,4,4630.3350,3459.5318
2026-09-30 20:08:16,2,39,5,4682.4087,3580.2116
2026-09-30 20:08:16,2,39,6,4682.4087,3613.9085
2026-09-30 20:08:16,2,39,7,4682.4087,3552.3042
2026-09-30 20:08:16,2,39,8,4682.4087,3768.8007
2026-09-30 20:08:16,2,39,9,4682.4087,3769.2018
2026-09-30 20:08:16,2,39,10,4682.4087,3508.3423
2026-09-30 20:08:16,2,39,11,4682.4087,3857.7421
2026-09-30 20:08:16,2,39,12,4682.4087,3709.7033
2026-09-30 20:08:16,2,39,13,4682.4087,3775.2272
2026-09-30 20:08:16,2,39,14,4682.4087,3623.2561
2026-09-30 20:08:16,2,39,15,4682.4087,3796.2280
2026-09-30 20:08:16,2,39,16,4769.4738,3769.9565
2026-09-30 20:08:16,2,39,17,4769.4738,3464.7778
2026-09-30 20:08:16,2,39,18,4769.4738,3927.4408
2026-09-30 20:08:16,2,39,19,4898.8138,3619.5826
2026-09-30 20:08:16,2,39,20,5025.1167,3795.6664
2026-09-30 20:08:16,2,39,21,5025.1167,3792.9893
2026-09-30 20:08:16,2,39,22,5025.1167,3959.2450
2026-09-30 20:08:16,2,39,23,5025.1167,3811.2175
2026-09-30 20:08:16,2,39,24,5025.1167,3774.3076
2026-09-30 20:08:16,2,39,25,5025.1167,3635.1412
2026-09-30 20:08:16,2,39,26,5025.1167,3643.4759
2026-09-30 20:08:16,2,39,27,5025.1167,3988.4048
2026-09-30 20:08:16,2,39,28,5025.1167,3724.4370
2026-09-30 20:08:16,2,39,29,5025.1167,4088.7107
2026-09-30 20:08:16,2,39,30,5025.1167,4146.3207
2026-09-30 20:08:16,2,39,31,5025.1167,3882.6255
2026-09-30 20:08:16,2,39,32,5025.1167,3831.7878
2026-09-30 20:08:16,2,39,33,5040.7454,4055.1691
2026-09-30 20:08:16,2,39,34,5108.3040,3858.7683
2026-09-30 20:08:16,2,39,35,5108.3040,3782.1772
2026-09-30 20:08:16,2,39,36,5108.3040,3714.7326
2026-09-30 20:08:16,2,39,37,5108.3040,4106.8870
2026-09-30 20:08:16,2,39,38,5108.3040,4080.7172
2026-09-30 20:08:16,2,39,39,5108.3040,3930.7852
2026-09-30 20:08:16,2,39,40,5108.3040,3954.1155
2026-09-30 20:08:16,2,39,41,5108.3040,3916.2263
2026-09-30 20:08:16,2,39,42,5108.3040,4003.1835
2026-09-30 20:08:16,2,39,43,5108.3040,4104.1990
2026-09-30 20:08:16,2,39,44,5108.3040,4125.9881
2026-09-30 20:08:16,2,39,45,5108.3040,4132.1502
2026-09-30 20:08:16,2,39,46,5108.3040,3982.4579
2026-09-30 20:08:16,2,39,47,5108.3040,4060.7200
2026-09-30 20:08:16,2,39,48,5108.3040,3820.6128
2026-09-30 20:08:16,2,39,49,5108.3040,4074.3055
2026-09-30 20:08:16,2,40,1,3850.1416,1736.5838
2026-09-30 20:08:16,2,40,2,4375.4545,2541.3813
2026-09-30 20:08:16,2,40,3,4375.4545,2880.2955
2026-09-30 20:08:16,2,40,4,4375.4545,3390.4791
2026-09-30 20:08:16,2,40,5,4375.4545,3588.4230
2026-09-30 20:08:16,2,40,6,4375.4545,3705.7118
2026-09-30 20:08:16,2,40,7,4375.4545,3731.4842
2026-09-30 20:08:16,2,40,8,4375.4545,3640.2161
2026-09-30 20:08:16,2,40,9,4375.4545,3786.2285
2026-09-30 20:08:16,2,40,10,4375.4545,3799.1634
2026-09-30 20:08:16,2,40,11,4375.4545,3795.3900
2026-09-30 20:08:16,2,40,12,4375.4545,3816.3948
2026-09-30 20:08:16,2,40,13,4375.4545,3889.0899
2026-09-30 20:08:16,2,40,14,4375.4545,3909.0214
2026-09-30 20:08:16,2,40,15,4375.4545,3855.4091
2026-09-30 20:08:16,2,40,16,4375.4545,3789.3299
2026-09-30 20:08:16,2,40,17,4414.8780,3737.1319
2026-09-30 20:08:25,2,41,1,4258.6201,1641.0299
2026-09-30 20:08:25,2,41,2,4258.6201,2065.4634
2026-09-30 20:08:25,2,41,3,4258.6201,2441.7238
2026-09-30 20:08:25,2,41,4,4258.6201,2559.3016
2026-09-30 20:08:25,2,41,5,4258.6201,2809.3026
2026-09-30 20:08:25,2,41,6,4258.6201,2730.4473
2026-09-30 20:08:25,2,41,7,4258.6201,2982.5137
2026-09-30 20:08:25,2,41,8,4258.6201,3136.7465
2026-09-30 20:08:25,2,41,9,4258.6201,3352.5795
2026-09-30 20:08:25,2,41,10,4258.6201,3370.7416
2026-09-30 20:08:25,2,41,11,4258.6201,3403.9258
2026-09-30 20:08:25,2,41,12,4258.6201,3574.4000
2026-09-30 20:08:25,2,41,13,4258.6201,3598.5256
2026-09-30 20:08:25,2,41,14,4258.6201,3611.2523
2026-09-30 20:08:25,2,41,15,4258.6201,3560.1291
2026-09-30 20:08:25,2,41,16,4258.6201,3564.7098
2026-09-30 20:08:26,2,42,1,4235.2021,1724.9725
2026-09-30 20:08:26,2,42,2,4246.7165,2371.8580
2026-09-30 20:08:26,2,42,3,4246.7165,2755.8933
2026-09-30 20:08:26,2,42,4,4246.7165,3025.8205
2026-09-30 20:08:26,2,42,5,4339.1650,3575.9421
2026-09-30 20:08:26,2,42,6,4442.4197,3827.2303
2026-09-30 20:08:26,2,42,7,4472.6016,3937.1734
2026-09-30 20:08:26,2,42,8,4483.8595,3940.1692
2026-09-30 20:08:26,2,42,9,4610.6803,4034.4458
2026-09-30 20:08:26,2,42,10,4610.6803,4102.6661
2026-09-30 20:08:26,2,42,11,4628.7764,4070.4064
2026-09-30 20:08:26,2,42,12,4628.7764,4137.2479
2026-09-30 20:08:26,2,42,13,4628.7764,3936.7646
2026-09-30 20:08:26,2,42,14,4658.7643,4225.5932
2026-09-30 20:08:26,2,42,15,4679.0058,4061.6235
2026-09-30 20:08:26,2,42,16,4679.0058,4157.8055
2026-09-30 20:08:26,2,42,17,4893.4436,4208.1715
2026-09-30 20:08:26,2,42,18,4893.4436,4212.3622
2026-09-30 20:08:26,2,42,19,4893.4436,4169.4069
2026-09-30 20:08:26,2,42,20,4904.5377,3979.5843
2026-09-30 20:08:26,2,42,21,4949.8087,4228.3339
2026-09-30 20:08:26,2,42,22,4949.8087,4322.2607
2026-09-30 20:08:26,2,42,23,4949.8087,4453.0709
2026-09-30 20:08:26,2,42,24,4949.8087,4369.4086
2026-09-30 20:08:26,2,42,25,4949.8087,4467.4964
2026-09-30 20:08:26,2,42,26,5092.5255,4397.3621
2026-09-30 20:08:26,2,42,27,5161.3170,4386.2770
2026-09-30 20:08:26,2,42,28,5161.3170,4568.7682
2026-09-30 20:08:26,2,42,29,5161.3170,4480.9497
2026-09-30 20:08:26,2,42,30,5161.3170,4464.1757
2026-09-30 20:08:26,2,42,31,5161.3170,4608.8013
2026-09-30 20:08:26,2,42,32,5161.3170,4554.2839
2026-09-30 20:08:26,2,42,33,5161.3170,4522.7506
2026-09-30 20:08:26,2,42,34,5161.3170,4492.4000
2026-09-30 20:08:26,2,42,35,5161.3170,4532.5611
2026-09-30 20:08:26,2,42,36,5161.3170,4532.1828
2026-09-30 20:08:26,2,42,37,5161.3170,4521.5938
2026-09-30 20:08:26,2,42,38,5161.3170,4632.6271
2026-09-30 20:08:26,2,42,39,5161.3170,4565.3353
2026-09-30 20:08:26,2,42,40,5161.3170,4616.3141
2026-09-30 20:08:26,2,42,41,5161.3170,4689.5199
2026-09-30 20:08:26,2,42,42,5172.3561,4591.4133
2026-09-30 20:08:30,2,43,1,3527.5756,1705.4749
2026-09-30 20:08:30,2,43,2,3776.3874,2553.3986
2026-09-30 20:08:30,2,43,3,3871.6369,2984.5734
2026-09-30 20:08:30,2,43,4,3871.6369,3351.9537
2026-09-30 20:08:30,2,43,5,3901.1797,3450.5383
2026-09-30 20:08:30,2,43,6,4005.2171,3617.2533
2026-09-30 20:08:30,2,43,7,4005.2171,3639.4018
2026-09-30 20:08:30,2,43,8,4387.0733,3686.4440
2026-09-30 20:08:30,2,43,9,4387.0733,3674.6303
2026-09-30 20:08:30,2,43,10,4387.0733,3871.2768
2026-09-30 20:08:30,2,43,11,4387.0733,3853.5984
2026-09-30 20:08:30,2,43,12,4456.1441,4012.0232
2026-09-30 20:08:30,2,43,13,4456.1441,4156.5911
2026-09-30 20:08:30,2,43,14,4456.1441,4230.9131
2026-09-30 20:08:30,2,43,15,4456.1441,4127.6959
2026-09-30 20:08:30,2,43,16,4456.1441,4184.0482
2026-09-30 20:08:30,2,43,17,4456.1441,4187.2290
2026-09-30 20:08:30,2,43,18,4505.9315,4196.5624
2026-09-30 20:08:30,2,43,19,4590.0936,4265.0712
2026-09-30 20:08:30,2,43,20,4590.0936,4208.9023
2026-09-30 20:08:30,2,43,21,4590.0936,4138.9358
2026-09-30 20:08:30,2,43,22,4590.0936,4204.8949
2026-09-30 20:08:30,2,43,23,4590.0936,4197.3784
2026-09-30 20:08:30,2,43,24,4631.8568,4261.0171
2026-09-30 20:08:30,2,43,25,4662.3101,4219.6825
2026-09-30 20:08:30,2,43,26,4977.3098,4380.1024
2026-09-30 20:08:30,2,43,27,4977.3098,4339.3605
2026-09-30 20:08:30,2,43,28,4977.3098,4333.4075
2026-09-30 20:08:30,2,43,29,4977.3098,4546.1044
2026-09-30 20:08:30,2,43,30,4977.3098,4547.6599
2026-09-30 20:08:30,2,43,31,5003.1995,4256.7777
2026-09-30 20:08:30,2,43,32,5003.1995,4531.4865
2026-09-30 20:08:30,2,43,33,5031.7298,4314.6926
2026-09-30 20:08:30,2,43,34,5031.7298,4609.0773
2026-09-30 20:08:30,2,43,35,5046.1654,4620.7759
2026-09-30 20:08:30,2,43,36,5079.5514,4606.0774
2026-09-30 20:08:30,2,43,37,5079.5514,4663.9863
2026-09-30 20:08:30,2,43,38,5079.5514,4604.1580
2026-09-30 20:08:30,2,43,39,5079.5514,4657.5702
2026-09-30 20:08:30,2,43,40,5098.7765,4553.3646
2026-09-30 20:08:30,2,43,41,5098.7765,4578.6978
2026-09-30 20:08:30,2,43,42,5098.7765,4654.4620
2026-09-30 20:08:30,2,43,43,5098.7765,4534.2594
2026-09-30 20:08:30,2,43,44,5098.7765,4706.2243
2026-09-30 20:08:30,2,43,45,5098.7765,4531.3407
2026-09-30 20:08:30,2,43,46,5098.7765,4608.4975
2026-09-30 20:08:30,2,43,47,5125.3480,4574.7466
2026-09-30 20:08:30,2,43,48,5134.1239,4735.1310
2026-09-30 20:08:30,2,43,49,5134.1239,4731.8535
2026-09-30 20:08:30,2,43,50,5177.1647,4646.7674
2026-09-30 20:08:37,2,44,1,3813.5265,1419.7733
2026-09-30 20:08:37,2,44,2,3813.5265,2156.1227
2026-09-30 20:08:37,2,44,3,3813.5265,2641.6356
2026-09-30 20:08:37,2,44,4,3813.5265,2910.3487
2026-09-30 20:08:37,2,44,5,3826.2618,2991.1095
2026-09-30 20:08:37,2,44,6,3843.4319,3103.4996
2026-09-30 20:08:37,2,44,7,3843.4319,3235.5850
2026-09-30 20:08:37,2,44,8,3852.2317,3289.4592
2026-09-30 20:08:37,2,44,9,4087.4530,3318.5216
2026-09-30 20:08:37,2,44,10,4087.4530,3323.0951
2026-09-30 20:08:37,2,44,11,4087.4530,3393.7744
2026-09-30 20:08:37,2,44,12,4087.4530,3258.7166
2026-09-30 20:08:37,2,44,13,4087.4530,3433.7705
2026-09-30 20:08:37,2,44,14,4221.4778,3389.3060
2026-09-30 20:08:37,2,44,15,4221.4778,3441.6115
2026-09-30 20:08:37,2,44,16,4243.6100,3341.7519
2026-09-30 20:08:37,2,44,17,4264.2894,3400.0506
2026-09-30 20:08:37,2,44,18,4283.0610,3441.9761
2026-09-30 20:08:37,2,44,19,4376.2355,3747.7560
2026-09-30 20:08:37,2,44,20,4376.2355,3627.0598
2026-09-30 20:08:37,2,44,21,4393.1531,3684.0256
2026-09-30 20:08:37,2,44,22,4393.1531,3693.7951
2026-09-30 20:08:37,2,44,23,4393.1531,3868.1278
2026-09-30 20:08:37,2,44,24,4393.1531,3841.2398
2026-09-30 20:08:37,2,44,25,4393.1531,3805.0239
2026-09-30 20:08:37,2,44,26,4393.1531,3874.9323
2026-09-30 20:08:37,2,44,27,4393.1531,3977.2906
2026-09-30 20:08:37,2,44,28,4393.1531,3839.3953
2026-09-30 20:08:37,2,44,29,4393.1531,3817.5618
2026-09-30 20:08:37,2,44,30,4393.1531,3932.6377
2026-09-30 20:08:37,2,44,31,4447.2369,3876.8245
2026-09-30 20:08:37,2,44,32,4516.9350,3926.0031
2026-09-30 20:08:37,2,44,33,4621.0229,3754.8340
2026-09-30 20:08:37,2,44,34,4621.0229,4007.0210
2026-09-30 20:08:37,2,44,35,4621.0229,4089.1737
2026-09-30 20:08:37,2,44,36,4621.0229,4192.8750
2026-09-30 20:08:37,2,44,37,4621.0229,4088.1456
2026-09-30 20:08:37,2,44,38,4622.1925,3981.0730
2026-09-30 20:08:37,2,44,39,4622.1925,3891.8778
2026-09-30 20:08:37,2,44,40,4622.1925,4087.8914
2026-09-30 20:08:37,2,44,41,4622.1925,3970.9600
2026-09-30 20:08:37,2,44,42,4622.1925,3981.6879
2026-09-30 20:08:37,2,44,43,4622.1925,4126.3363
2026-09-30 20:08:37,2,44,44,4622.1925,4105.7586
2026-09-30 20:08:37,2,44,45,4622.1925,4103.7999
2026-09-30 20:08:37,2,44,46,4622.1925,3874.1787
2026-09-30 20:08:37,2,44,47,4622.1925,4028.6527
2026-09-30 20:08:37,2,44,48,4622.1925,4020.7287
2026-09-30 20:08:47,2,45,1,3517.2134,1658.0496
2026-09-30 20:08:47,2,45,2,3808.7836,2426.1678
2026-09-30 20:08:47,2,45,3,3899.0677,2701.1104
2026-09-30 20:08:47,2,45,4,3992.9568,2968.7229
2026-09-30 20:08:47,2,45,5,4174.0111,3076.6458
2026-09-30 20:08:47,2,45,6,4174.0111,3247.7353
2026-09-30 20:08:47,2,45,7,4174.0111,3306.0317
2026-09-30 20:08:47,2,45,8,4174.0111,3444.1898
2026-09-30 20:08:47,2,45,9,4174.0111,3518.1522
2026-09-30 20:08:47,2,45,10,4174.0111,3675.9666
2026-09-30 20:08:47,2,45,11,4174.0111,3716.5838
2026-09-30 20:08:47,2,45,12,4458.6608,3816.6907
2026-09-30 20:08:47,2,45,13,4458.6608,3865.4941
2026-09-30 20:08:47,2,45,14,4486.6926,3846.7577
2026-09-30 20:08:47,2,45,15,4486.6926,3937.0574
2026-09-30 20:08:47,2,45,16,4488.8156,3971.8270
2026-09-30 20:08:47,2,45,17,4518.5766,3960.0386
2026-09-30 20:08:47,2,45,18,4735.1563,3989.0592
2026-09-30 20:08:47,2,45,19,4735.1563,4155.0869
2026-09-30 20:08:47,2,45,20,4735.1563,4074.5695
2026-09-30 20:08:47,2,45,21,4735.1563,4199.2109
2026-09-30 20:08:47,2,45,22,4805.9399,4142.7516
2026-09-30 20:08:47,2,45,23,4805.9399,4075.6653
2026-09-30 20:08:47,2,45,24,4805.9399,4199.1970
2026-09-30 20:08:47,2,45,25,4805.9399,4206.3507
2026-09-30 20:08:47,2,45,26,4805.9399,4188.6536
2026-09-30 20:08:47,2,45,27,4805.9399,4345.7910
2026-09-30 20:08:47,2,45,28,4805.9399,4420.8643
2026-09-30 20:08:47,2,45,29,4805.9399,4398.8750
2026-09-30 20:08:47,2,45,30,4830.6881,4327.2959
2026-09-30 20:08:47,2,45,31,4830.6881,4422.6548
2026-09-30 20:08:47,2,45,32,4830.6881,4404.4928
2026-09-30 20:08:47,2,45,33,4830.6881,4536.7407
2026-09-30 20:08:47,2,45,34,4856.7885,4214.0264
2026-09-30 20:08:47,2,45,35,4856.7885,4487.5971
2026-09-30 20:08:47,2,45,36,4856.7885,4489.1007
2026-09-30 20:08:47,2,45,37,4913.0422,4591.3963
2026-09-30 20:08:47,2,45,38,4913.0422,4341.1677
2026-09-30 20:08:47,2,45,39,4947.5037,4451.1321
2026-09-30 20:08:47,2,45,40,5002.5991,4400.4888
2026-09-30 20:08:47,2,45,41,5046.0897,4654.1110
2026-09-30 20:08:47,2,45,42,5076.6636,4500.7881
2026-09-30 20:08:47,2,45,43,5076.6636,4489.1491
2026-09-30 20:08:47,2,45,44,5111.1458,4614.0378
2026-09-30 20:08:47,2,45,45,5111.1458,4500.9018
2026-09-30 20:08:47,2,45,46,5111.1458,4621.9511
2026-09-30 20:08:47,2,45,47,5111.1458,4713.9552
2026-09-30 20:08:47,2,45,48,5126.7130,4694.2977
2026-09-30 20:08:47,2,45,49,5126.7130,4566.6854
2026-09-30 20:08:47,2,45,50,5129.8011,4624.1069
2026-09-30 20:08:50,2,46,1,3700.1015,1616.7294
2026-09-30 20:08:50,2,46,2,3700.2141,2229.1296
2026-09-30 20:08:50,2,46,3,3700.2141,2664.6927
2026-09-30 20:08:50,2,46,4,3700.2141,2956.1651
2026-09-30 20:08:50,2,46,5,3740.6503,3160.9336
2026-09-30 20:08:50,2,46,6,3842.0444,3114.1684
2026-09-30 20:08:50,2,46,7,3842.0444,3286.9500
2026-09-30 20:08:50,2,46,8,3842.0444,3304.0672
2026-09-30 20:08:50,2,46,9,3842.0444,3353.2278
2026-09-30 20:08:50,2,46,10,3842.0444,3416.8226
2026-09-30 20:08:50,2,46,11,3842.0444,3477.5087
2026-09-30 20:08:50,2,46,12,3883.3315,3359.2016
2026-09-30 20:08:50,2,46,13,4360.1933,3643.9391
2026-09-30 20:08:50,2,46,14,4360.1933,3512.3685
2026-09-30 20:08:50,2,46,15,4360.1933,3433.0096
2026-09-30 20:08:50,2,46,16,4360.1933,3485.2733
2026-09-30 20:08:50,2,46,17,4360.1933,3614.6536
2026-09-30 20:08:50,2,46,18,4360.1933,3608.5080
2026-09-30 20:08:50,2,46,19,4360.1933,3710.4871
2026-09-30 20:08:50,2,46,20,4360.1933,3580.4839
2026-09-30 20:08:50,2,46,21,4360.1933,3626.8737
2026-09-30 20:08:50,2,46,22,4360.1933,3666.4712
2026-09-30 20:08:50,2,46,23,4360.1933,3643.4593
2026-09-30 20:08:50,2,46,24,4360.1933,3627.2021
2026-09-30 20:08:50,2,46,25,4482.1501,3595.5222
2026-09-30 20:08:50,2,46,26,4553.0821,3667.8909
2026-09-30 20:08:50,2,46,27,4556.9484,3592.3814
2026-09-30 20:08:50,2,46,28,4556.9484,3918.1541
2026-09-30 20:08:50,2,46,29,4580.3522,3694.6673
2026-09-30 20:08:50,2,46,30,4580.3522,3668.1901
2026-09-30 20:08:50,2,46,31,4627.8031,3970.9817
2026-09-30 20:08:50,2,46,32,4627.8031,4256.2602
2026-09-30 20:08:50,2,46,33,4627.8031,4356.8374
2026-09-30 20:08:50,2,46,34,4627.8031,4375.8145
2026-09-30 20:08:50,2,46,35,4657.2627,4381.9633
2026-09-30 20:08:50,2,46,36,4682.0236,4355.4077
2026-09-30 20:08:50,2,46,37,4682.0236,4306.0485
2026-09-30 20:08:50,2,46,38,4736.6095,4256.1950
2026-09-30 20:08:50,2,46,39,4744.0053,4326.1198
2026-09-30 20:08:50,2,46,40,4744.0053,4350.6010
2026-09-30 20:08:50,2,46,41,4852.2596,4476.1492
2026-09-30 20:08:50,2,46,42,4852.2596,4446.3743
2026-09-30 20:08:50,2,46,43,4852.2596,4322.1840
2026-09-30 20:08:50,2,46,44,4852.2596,4525.7409
2026-09-30 20:08:50,2,46,45,4852.2596,4421.9484
2026-09-30 20:08:50,2,46,46,4852.2596,4382.5538
2026-09-30 20:08:50,2,46,47,4852.2596,4385.6296
2026-09-30 20:08:50,2,46,48,4852.2596,4449.2314
2026-09-30 20:08:50,2,46,49,4852.2596,4390.6302
2026-09-30 20:08:50,2,46,50,4852.2596,4372.1630
2026-09-30 20:08:50,2,47,1,3319.1048,1519.2580
2026-09-30 20:08:50,2,47,2,3376.5470,2245.7291
2026-09-30 20:08:50,2,47,3,3533.0404,2734.8320
2026-09-30 20:08:50,2,47,4,3593.5055,2924.9607
2026-09-30 20:08:50,2,47,5,3653.8998,2882.4512
2026-09-30 20:08:50,2,47,6,3684.0813,2975.9809
2026-09-30 20:08:50,2,47,7,3787.4808,2946.2902
2026-09-30 20:08:50,2,47,8,3787.4808,3075.5645
2026-09-30 20:08:50,2,47,9,3787.4808,3278.7262
2026-09-30 20:08:50,2,47,10,3787.4808,3202.4417
2026-09-30 20:08:50,2,47,11,3787.4808,3269.0004
2026-09-30 20:08:50,2,47,12,3787.4808,3165.3228
2026-09-30 20:08:50,2,47,13,3787.4808,3206.6704
2026-09-30 20:08:50,2,47,14,3805.5066,3279.2755
2026-09-30 20:08:50,2,47,15,3805.5066,3208.4104
2026-09-30 20:08:50,2,47,16,3805.5066,3064.9488
2026-09-30 20:08:50,2,47,17,3922.8130,3218.3744
2026-09-30 20:08:50,2,47,18,3922.8130,3226.1332
2026-09-30 20:08:50,2,47,19,3996.8429,3235.9195
2026-09-30 20:08:50,2,47,20,3996.8429,3268.0732
2026-09-30 20:08:50,2,47,21,4038.3993,3368.6007
2026-09-30 20:08:50,2,47,22,4375.2113,3404.6126
2026-09-30 20:08:50,2,47,23,4452.4655,3249.9559
2026-09-30 20:08:50,2,47,24,4452.4655,3323.6108
2026-09-30 20:08:50,2,47,25,4452.4655,3413.2648
2026-09-30 20:08:50,2,47,26,4452.4655,3401.3140
2026-09-30 20:08:50,2,47,27,4452.4655,3627.5793
2026-09-30 20:08:50,2,47,28,4452.6394,3559.4524
2026-09-30 20:08:50,2,47,29,4485.9122,3759.9105
2026-09-30 20:08:50,2,47,30,4533.3450,3959.5696
2026-09-30 20:08:50,2,47,31,4533.3450,3775.8512
2026-09-30 20:08:50,2,47,32,4597.1142,4030.9222
2026-09-30 20:08:50,2,47,33,4615.0870,4021.7908
2026-09-30 20:08:50,2,47,34,4653.6946,4015.3198
2026-09-30 20:08:50,2,47,35,4653.6946,4048.3770
2026-09-30 20:08:50,2,47,36,4730.5355,4078.2833
2026-09-30 20:08:50,2,47,37,4730.5355,4021.9141
2026-09-30 20:08:50,2,47,38,4730.5355,4107.1205
2026-09-30 20:08:50,2,47,39,4730.5355,4125.3447
2026-09-30 20:08:50,2,47,40,4730.5355,4060.3868
2026-09-30 20:08:50,2,47,41,4730.5355,4008.6775
2026-09-30 20:08:50,2,47,42,4730.5355,4147.0427
2026-09-30 20:08:50,2,47,43,4730.5355,4032.9805
2026-09-30 20:08:50,2,47,44,4730.5355,3967.9128
2026-09-30 20:08:50,2,47,45,4730.5355,4154.3549
2026-09-30 20:08:50,2,47,46,4730.5355,4043.4577
2026-09-30 20:08:50,2,47,47,4730.5355,4119.1130
2026-09-30 20:08:50,2,47,48,4730.5355,4138.2770
2026-09-30 20:08:50,2,47,49,4730.5355,4211.4389
2026-09-30 20:08:50,2,47,50,4730.5355,4124.0602
2026-09-30 20:09:05,2,48,1,3579.1636,1616.3277
2026-09-30 20:09:05,2,48,2,3579.1636,2029.5563
2026-09-30 20:09:05,2,48,3,3579.1636,2355.2869
2026-09-30 20:09:05,2,48,4,3626.9871,2727.2488
2026-09-30 20:09:05,2,48,5,3662.9677,2908.6294
2026-09-30 20:09:05,2,48,6,3662.9677,3217.9393
2026-09-30 20:09:05,2,48,7,3662.9677,3292.8368
2026-09-30 20:09:05,2,48,8,3663.5066,3416.2101
2026-09-30 20:09:05,2,48,9,3922.8957,3362.7660
2026-09-30 20:09:05,2,48,10,3923.1616,3366.1599
2026-09-30 20:09:05,2,48,11,3977.4764,3437.9993
2026-09-30 20:09:05,2,48,12,3977.4764,3340.2851
2026-09-30 20:09:05,2,48,13,3983.9162,3365.6446
2026-09-30 20:09:05,2,48,14,3990.9345,3569.6087
2026-09-30 20:09:05,2,48,15,4017.3051,3571.9555
2026-09-30 20:09:05,2,48,16,4022.6359,3730.1610
2026-09-30 20:09:05,2,48,17,4261.6290,3670.6081
2026-09-30 20:09:05,2,48,18,4277.6954,3691.5597
2026-09-30 20:09:05,2,48,19,4277.6954,3661.2580
2026-09-30 20:09:05,2,48,20,4277.6954,3612.1851
2026-09-30 20:09:05,2,48,21,4277.6954,3607.3489
2026-09-30 20:09:05,2,48,22,4277.6954,3537.0729
2026-09-30 20:09:05,2,48,23,4277.6954,3763.4635
2026-09-30 20:09:05,2,48,24,4305.5706,3711.5751
2026-09-30 20:09:05,2,48,25,4441.4202,3644.7654
2026-09-30 20:09:05,2,48,26,4441.4202,3546.7970
2026-09-30 20:09:05,2,48,27,4441.4202,3584.3291
2026-09-30 20:09:05,2,48,28,4554.5830,3648.1481
2026-09-30 20:09:05,2,48,29,4554.5830,3956.3183
2026-09-30 20:09:05,2,48,30,4634.4198,4112.8113
2026-09-30 20:09:05,2,48,31,4634.4198,4006.0245
2026-09-30 20:09:05,2,48,32,4634.4198,4254.6493
2026-09-30 20:09:05,2,48,33,4634.4198,4206.3652
2026-09-30 20:09:05,2,48,34,4654.1691,4257.0465
2026-09-30 20:09:05,2,48,35,4654.1691,4193.6757
2026-09-30 20:09:05,2,48,36,4662.5055,4345.9914
2026-09-30 20:09:05,2,48,37,4662.5055,4343.2895
2026-09-30 20:09:05,2,48,38,4662.5055,4265.9126
2026-09-30 20:09:05,2,48,39,4662.5055,4331.6566
2026-09-30 20:09:05,2,48,40,4662.5055,4263.9754
2026-09-30 20:09:05,2,48,41,4730.3306,4313.7882
2026-09-30 20:09:05,2,48,42,4730.3306,4353.3468
2026-09-30 20:09:05,2,48,43,4730.3306,4310.2636
2026-09-30 20:09:05,2,48,44,4730.3306,4340.9190
2026-09-30 20:09:05,2,48,45,4793.8085,4441.2685
2026-09-30 20:09:05,2,48,46,4793.8085,4380.6684
2026-09-30 20:09:05,2,48,47,4793.8085,4470.4316
2026-09-30 20:09:05,2,48,48,4793.8085,4199.2116
2026-09-30 20:09:05,2,48,49,4793.8085,4428.0962
2026-09-30 20:09:05,2,48,50,4793.8085,4310.7417
2026-09-30 20:09:39,2,49,1,4089.9892,1669.8196
2026-09-30 20:09:39,2,49,2,4089.9892,2138.1616
2026-09-30 20:09:39,2,49,3,4089.9892,2502.5945
2026-09-30 20:09:39,2,49,4,4089.9892,2699.3751
2026-09-30 20:09:39,2,49,5,4109.7492,2918.1696
2026-09-30 20:09:39,2,49,6,4323.7916,3354.1611
2026-09-30 20:09:39,2,49,7,4341.7041,3311.6157
2026-09-30 20:09:39,2,49,8,4341.7041,3528.7035
2026-09-30 20:09:39,2,49,9,4411.0101,3589.1527
2026-09-30 20:09:39,2,49,10,4427.2405,3671.5295
2026-09-30 20:09:39,2,49,11,4427.2405,3917.7893
2026-09-30 20:09:39,2,49,12,4427.2405,3898.8599
2026-09-30 20:09:39,2,49,13,4435.8129,4001.3175
2026-09-30 20:09:39,2,49,14,4435.8129,4036.8448
2026-09-30 20:09:39,2,49,15,4550.4285,4217.1782
2026-09-30 20:09:39,2,49,16,4564.7554,4150.4937
2026-09-30 20:09:39,2,49,17,4616.1491,4139.1585
2026-09-30 20:09:39,2,49,18,4753.1555,4093.0738
2026-09-30 20:09:39,2,49,19,4753.1555,4050.1591
2026-09-30 20:09:39,2,49,20,4842.5072,4123.1420
2026-09-30 20:09:39,2,49,21,4842.5072,4230.7319
2026-09-30 20:09:39,2,49,22,4842.5072,4410.9605
2026-09-30 20:09:39,2,49,23,4842.5072,4345.7367
2026-09-30 20:09:39,2,49,24,4842.5072,4207.3845
2026-09-30 20:09:39,2,49,25,4842.5072,4236.4990
2026-09-30 20:09:39,2,49,26,4842.5072,4324.0142
2026-09-30 20:09:39,2,49,27,4842.5072,4296.4204
2026-09-30 20:09:39,2,49,28,4842.5072,4205.7492
2026-09-30 20:09:39,2,49,29,4846.9263,4297.4521
2026-09-30 20:09:39,2,49,30,4846.9263,4416.8566
2026-09-30 20:09:39,2,49,31,4846.9263,4426.1076
2026-09-30 20:09:39,2,49,32,4846.9263,4349.4526
2026-09-30 20:09:39,2,49,33,4849.0770,4405.8158
2026-09-30 20:09:39,2,49,34,4853.0895,4481.2878
2026-09-30 20:09:39,2,49,35,4853.0895,4440.5864
2026-09-30 20:10:12,2,50,1,3441.6665,1788.6257
2026-09-30 20:10:12,2,50,2,3702.9956,2468.1266
2026-09-30 20:10:12,2,50,3,3702.9956,2667.2030
2026-09-30 20:10:12,2,50,4,3780.1611,3066.2088
2026-09-30 20:10:12,2,50,5,3787.3598,3125.6993
2026-09-30 20:10:12,2,50,6,3875.4332,3330.0179
2026-09-30 20:10:12,2,50,7,3875.4332,3510.3912
2026-09-30 20:10:12,2,50,8,4274.7713,3352.1884
2026-09-30 20:10:12,2,50,9,4274.7713,3336.3744
2026-09-30 20:10:12,2,50,10,4274.7713,3509.2102
2026-09-30 20:10:12,2,50,11,4284.6808,3571.7674
2026-09-30 20:10:12,2,50,12,4284.6808,3449.0753
2026-09-30 20:10:12,2,50,13,4301.8133,3665.4962
2026-09-30 20:10:12,2,50,14,4301.8133,3816.4005
2026-09-30 20:10:12,2,50,15,4301.8133,3899.9279
2026-09-30 20:10:12,2,50,16,4303.3086,3748.5567
2026-09-30 20:10:12,2,50,17,4337.6267,3787.6848
2026-09-30 20:10:12,2,50,18,4337.6267,3826.6702
2026-09-30 20:10:12,2,50,19,4337.6267,3859.0356
2026-09-30 20:10:12,2,50,20,4337.6267,3805.4742
2026-09-30 20:10:12,2,50,21,4337.6267,3778.1392
2026-09-30 20:10:12,2,50,22,4337.6267,3931.2935
2026-09-30 20:10:12,2,50,23,4337.6267,3834.7440
2026-09-30 20:10:12,2,50,24,4337.6267,3914.0674
2026-09-30 20:10:12,2,50,25,4337.6267,3890.4618
2026-09-30 20:10:12,2,50,26,4480.7229,3840.4694
2026-09-30 20:10:12,2,50,27,4480.7229,3866.6494
2026-09-30 20:10:12,2,50,28,4480.7229,3706.2774
2026-09-30 20:10:12,2,50,29,4480.7229,3933.2569
2026-09-30 20:10:12,2,50,30,4480.7229,3861.1605
2026-09-30 20:10:12,2,50,31,4559.6677,3886.8798
2026-09-30 20:10:12,2,50,32,4570.7420,4018.5763
2026-09-30 20:10:12,2,50,33,4570.7420,3938.8791
2026-09-30 20:10:12,2,50,34,4573.0935,4105.5593
2026-09-30 20:10:12,2,50,35,4573.0935,3915.6236
2026-09-30 20:10:12,2,50,36,4573.0935,3999.9278
2026-09-30 20:10:12,2,50,37,4577.7412,4087.6637
2026-09-30 20:10:12,2,50,38,4577.7412,4111.5205
2026-09-30 20:10:12,2,50,39,4577.7412,4112.5851
2026-09-30 20:10:12,2,50,40,4577.7412,3995.6420
2026-09-30 20:10:12,2,50,41,4577.7412,4001.2253
2026-09-30 20:10:12,2,50,42,4577.7412,4146.6818
2026-09-30 20:10:12,2,50,43,4577.7412,4140.1934
2026-09-30 20:10:12,2,50,44,4577.7412,4109.2465
2026-09-30 20:10:12,2,50,45,4577.7412,3870.3111
2026-09-30 20:10:12,2,50,46,4577.7412,3994.0965
2026-09-30 20:10:29,2,51,1,3377.2488,1407.2226
2026-09-30 20:10:29,2,51,2,3408.0810,2056.6734
2026-09-30 20:10:29,2,51,3,3479.4085,2569.0745
2026-09-30 20:10:29,2,51,4,3528.7431,2864.9382
2026-09-30 20:10:29,2,51,5,3540.7557,2992.4523
2026-09-30 20:10:29,2,51,6,3540.7557,3044.4102
2026-09-30 20:10:29,2,51,7,3543.1686,3250.3593
2026-09-30 20:10:29,2,51,8,3547.8793,3194.8057
2026-09-30 20:10:29,2,51,9,3676.3192,3266.8375
2026-09-30 20:10:29,2,51,10,3676.3192,3294.3905
2026-09-30 20:10:29,2,51,11,3692.3570,3293.8361
2026-09-30 20:10:29,2,51,12,3692.3570,3339.9732
2026-09-30 20:10:29,2,51,13,3726.4838,3383.6611
2026-09-30 20:10:29,2,51,14,3726.4838,3443.1609
2026-09-30 20:10:29,2,51,15,3726.4838,3377.5585
2026-09-30 20:10:29,2,51,16,3726.4838,3362.6096
2026-09-30 20:10:29,2,51,17,3726.4838,3468.4348
2026-09-30 20:10:29,2,51,18,3987.1714,3444.8764
2026-09-30 20:10:29,2,51,19,4060.1991,3501.1705
2026-09-30 20:10:29,2,51,20,4060.1991,3317.0672
2026-09-30 20:10:29,2,51,21,4127.5029,3542.5501
2026-09-30 20:10:29,2,51,22,4127.5029,3525.2934
2026-09-30 20:10:29,2,51,23,4127.5029,3472.6844
2026-09-30 20:10:29,2,51,24,4165.1154,3520.6992
2026-09-30 20:10:29,2,51,25,4165.1154,3658.5296
2026-09-30 20:10:29,2,51,26,4165.1154,3695.8522
2026-09-30 20:10:29,2,51,27,4165.1154,3693.0360
2026-09-30 20:10:29,2,51,28,4247.2913,3706.2760
2026-09-30 20:10:29,2,51,29,4247.2913,3759.4778
2026-09-30 20:10:29,2,51,30,4247.2913,3684.6722
2026-09-30 20:10:29,2,51,31,4247.2913,3662.7904
2026-09-30 20:10:29,2,51,32,4672.3293,3622.0041
2026-09-30 20:10:29,2,51,33,4672.7613,3817.4559
2026-09-30 20:10:29,2,51,34,4672.7613,3801.2109
2026-09-30 20:10:29,2,51,35,4672.7613,3804.9362
2026-09-30 20:10:29,2,51,36,4737.1077,3743.3311
2026-09-30 20:10:29,2,51,37,4737.1077,3840.9664
2026-09-30 20:10:29,2,51,38,4737.1077,3799.2676
2026-09-30 20:10:29,2,51,39,4737.1077,3859.5646
2026-09-30 20:10:29,2,51,40,4737.1077,3820.9709
2026-09-30 20:10:29,2,51,41,4834.0127,3820.5148
2026-09-30 20:10:29,2,51,42,4834.0127,4041.0859
2026-09-30 20:10:29,2,51,43,4863.3738,4024.1279
2026-09-30 20:10:29,2,51,44,4863.3738,4090.5105
2026-09-30 20:10:29,2,51,45,4863.3738,4208.8999
2026-09-30 20:10:29,2,51,46,4870.6682,4594.2721
2026-09-30 20:10:29,2,51,47,4961.2044,4453.6941
2026-09-30 20:10:29,2,51,48,4961.2044,4430.2481
2026-09-30 20:10:29,2,51,49,4978.9470,4503.4318
2026-09-30 20:10:29,2,51,50,4978.9470,4484.9140
2026-09-30 20:10:34,3,52,1,2404.7043,989.6632
2026-09-30 20:10:34,3,52,2,3004.3269,1186.5834
2026-09-30 20:10:34,3,52,3,3004.3269,1281.6160
2026-09-30 20:10:34,3,52,4,3196.0042,1392.0649
2026-09-30 20:10:34,3,52,5,3270.7815,1530.2860
2026-09-30 20:10:34,3,52,6,3270.7815,1528.1230
2026-09-30 20:10:34,3,52,7,3270.7815,1646.3499
2026-09-30 20:10:34,3,52,8,3270.7815,1643.3820
2026-09-30 20:10:34,3,52,9,3397.0089,1734.0733
2026-09-30 20:10:34,3,52,10,3397.0089,1545.0083
2026-09-30 20:10:34,3,52,11,3397.0089,1550.5585
2026-09-30 20:10:34,3,52,12,3787.7981,1707.9256
2026-09-30 20:10:34,3,52,13,3787.7981,1705.0515
2026-09-30 20:10:34,3,52,14,3787.7981,1576.2785
2026-09-30 20:10:34,3,52,15,3787.7981,1712.5713
2026-09-30 20:10:34,3,52,16,3787.7981,1545.8225
2026-09-30 20:10:34,3,52,17,3787.7981,1525.2569
2026-09-30 20:10:34,3,52,18,3787.7981,1552.7129
2026-09-30 20:10:34,3,52,19,3787.7981,1455.7871
2026-09-30 20:10:34,3,52,20,3787.7981,1602.0445
2026-09-30 20:10:34,3,52,21,3787.7981,1576.1742
2026-09-30 20:10:34,3,52,22,3787.7981,1546.4868
2026-09-30 20:10:34,3,52,23,3787.7981,1691.9546
2026-09-30 20:10:34,3,52,24,3787.7981,1630.2979
2026-09-30 20:10:34,3,52,25,3787.7981,1635.8086
2026-09-30 20:10:34,3,52,26,3787.7981,1500.9779
2026-09-30 20:10:34,3,52,27,3787.7981,1640.7868
2026-09-30 20:10:36,3,53,1,2444.7392,976.3413
2026-09-30 20:10:36,3,53,2,2826.2627,1193.8877
2026-09-30 20:10:36,3,53,3,3086.5133,1304.7999
2026-09-30 20:10:36,3,53,4,3086.5133,1370.0130
2026-09-30 20:10:36,3,53,5,3086.5133,1534.2508
2026-09-30 20:10:36,3,53,6,3086.5133,1536.2178
2026-09-30 20:10:36,3,53,7,3481.9444,1600.7995
2026-09-30 20:10:36,3,53,8,3481.9444,1659.4984
2026-09-30 20:10:36,3,53,9,3481.9444,1562.5408
2026-09-30 20:10:36,3,53,10,3481.9444,1632.6005
2026-09-30 20:10:36,3,53,11,3481.9444,1599.3557
2026-09-30 20:10:36,3,53,12,3481.9444,1553.7949
2026-09-30 20:10:36,3,53,13,3481.9444,1794.1530
2026-09-30 20:10:36,3,53,14,3481.9444,1693.1240
2026-09-30 20:10:36,3,53,15,3481.9444,1805.4107
2026-09-30 20:10:36,3,53,16,3481.9444,1700.7372
2026-09-30 20:10:36,3,53,17,3481.9444,1796.0986
2026-09-30 20:10:36,3,53,18,3481.9444,1738.5809
2026-09-30 20:10:36,3,53,19,3481.9444,1932.5010
2026-09-30 20:10:36,3,53,20,3481.9444,1789.5621
2026-09-30 20:10:36,3,53,21,3481.9444,1778.6523
2026-09-30 20:10:36,3,53,22,3481.9444,1855.2811
2026-09-30 20:10:37,2,54,1,3110.7587,1630.6501
2026-09-30 20:10:37,2,54,2,4392.0511,2251.8575
2026-09-30 20:10:37,2,54,3,4392.0511,2379.2456
2026-09-30 20:10:37,2,54,4,4392.0511,2644.1037
2026-09-30 20:10:37,2,54,5,4510.4088,3037.7742
2026-09-30 20:10:37,2,54,6,4510.4088,3253.2427
2026-09-30 20:10:37,2,54,7,4530.1324,3668.7096
2026-09-30 20:10:37,2,54,8,4545.9882,3679.8273
2026-09-30 20:10:37,2,54,9,4545.9882,3765.9878
2026-09-30 20:10:37,2,54,10,4558.2518,3787.6168
2026-09-30 20:10:37,2,54,11,4558.2518,3853.8455
2026-09-30 20:10:37,2,54,12,4670.2798,3596.3379
2026-09-30 20:10:37,2,54,13,4670.2798,3951.9334
2026-09-30 20:10:37,2,54,14,4670.2798,3924.6492
2026-09-30 20:10:37,2,54,15,4741.6519,4047.2598
2026-09-30 20:10:37,2,54,16,4741.6519,4078.1049
2026-09-30 20:10:37,2,54,17,4741.6519,3650.1158
2026-09-30 20:10:37,2,54,18,4741.6519,3689.6518
2026-09-30 20:10:37,2,54,19,4741.6519,3921.4679
2026-09-30 20:10:37,2,54,20,4741.6519,3827.8866
2026-09-30 20:10:37,2,54,21,4741.6519,3974.1030
2026-09-30 20:10:37,2,54,22,4741.6519,4003.3804
2026-09-30 20:10:37,2,54,23,4741.6519,4048.4014
2026-09-30 20:10:37,2,54,24,4741.6519,3954.3560
2026-09-30 20:10:37,2,54,25,4741.6519,3821.7276
2026-09-30 20:10:37,2,54,26,4741.6519,4114.9828
2026-09-30 20:10:37,2,54,27,4837.7688,3963.8647
2026-09-30 20:10:37,2,54,28,4837.7688,3929.0953
2026-09-30 20:10:37,2,54,29,4837.7688,4009.4550
2026-09-30 20:10:37,2,54,30,4837.7688,4095.2141
2026-09-30 20:10:37,2,54,31,4837.7688,4009.2213
2026-09-30 20:10:37,2,54,32,4902.0450,4091.8632
2026-09-30 20:10:37,2,54,33,4902.0450,4071.8937
2026-09-30 20:10:37,2,54,34,4902.0450,3916.3935
2026-09-30 20:10:37,2,54,35,4902.0450,4107.6726
2026-09-30 20:10:37,2,54,36,4902.0450,3901.9214
2026-09-30 20:10:37,2,54,37,4902.0450,3942.9181
2026-09-30 20:10:37,2,54,38,4902.0450,3974.8351
2026-09-30 20:10:37,2,54,39,4988.9259,4024.3208
2026-09-30 20:10:37,2,54,40,5067.3967,4134.6000
2026-09-30 20:10:37,2,54,41,5067.3967,3964.3758
2026-09-30 20:10:37,2,54,42,5067.3967,4249.3179
2026-09-30 20:10:37,2,54,43,5067.3967,4275.8445
2026-09-30 20:10:37,2,54,44,5085.7124,4130.4032
2026-09-30 20:10:37,2,54,45,5085.7124,4483.5056
2026-09-30 20:10:37,2,54,46,5111.8375,4683.4377
2026-09-30 20:10:37,2,54,47,5111.8375,4608.4846
2026-09-30 20:10:37,2,54,48,5165.3912,4682.9217
2026-09-30 20:10:37,2,54,49,5165.3912,4824.3283
2026-09-30 20:10:37,2,54,50,5165.3912,4542.7556
2026-09-30 20:10:38,2,55,1,4278.3960,1739.1101
2026-09-30 20:10:38,2,55,2,4278.3960,2264.6883
2026-09-30 20:10:38,2,55,3,4278.3960,2671.8995
2026-09-30 20:10:38,2,55,4,4278.3960,2906.3470
2026-09-30 20:10:38,2,55,5,4278.3960,3302.4884
2026-09-30 20:10:38,2,55,6,4278.3960,3372.2138
2026-09-30 20:10:38,2,55,7,4684.9449,3680.6747
2026-09-30 20:10:38,2,55,8,4684.9449,3651.8869
2026-09-30 20:10:38,2,55,9,4684.9449,3616.3863
2026-09-30 20:10:38,2,55,10,4759.0376,3758.7306
2026-09-30 20:10:38,2,55,11,4759.0376,3735.2112
2026-09-30 20:10:38,2,55,12,4759.0376,3822.2344
2026-09-30 20:10:38,2,55,13,4837.1681,3805.9972
2026-09-30 20:10:38,2,55,14,4837.1681,3827.7779
2026-09-30 20:10:38,2,55,15,4894.8528,3955.2840
2026-09-30 20:10:38,2,55,16,4894.8528,4332.2662
2026-09-30 20:10:38,2,55,17,4894.8528,4508.0846
2026-09-30 20:10:38,2,55,18,4894.8528,4593.7829
2026-09-30 20:10:38,2,55,19,5070.9742,4485.9089
2026-09-30 20:10:38,2,55,20,5070.9742,4444.2948
2026-09-30 20:10:38,2,55,21,5070.9742,4461.0991
2026-09-30 20:10:38,2,55,22,5070.9742,4466.9880
2026-09-30 20:10:38,2,55,23,5070.9742,4598.6584
2026-09-30 20:10:38,2,55,24,5070.9742,4510.0579
2026-09-30 20:10:38,2,55,25,5070.9742,4642.6208
2026-09-30 20:10:38,2,55,26,5070.9742,4444.9216
2026-09-30 20:10:38,2,55,27,5070.9742,4328.3665
2026-09-30 20:10:38,2,55,28,5070.9742,4502.3185
2026-09-30 20:10:38,2,55,29,5105.8799,4576.7271
2026-09-30 20:10:38,2,55,30,5105.8799,4624.9891
2026-09-30 20:10:38,2,55,31,5173.1411,4638.6610
2026-09-30 20:10:38,2,55,32,5207.2598,4688.2332
2026-09-30 20:10:38,2,55,33,5207.2598,4659.9483
2026-09-30 20:10:38,2,55,34,5207.2598,4752.3659
2026-09-30 20:10:38,2,55,35,5207.2598,4640.9935
2026-09-30 20:10:38,2,55,36,5207.2598,4720.7791
2026-09-30 20:10:38,2,55,37,5207.2598,4623.5112
2026-09-30 20:10:38,2,55,38,5207.2598,4881.8206
2026-09-30 20:10:38,2,55,39,5207.2598,4737.9743
2026-09-30 20:10:38,2,55,40,5207.2598,4757.3836
2026-09-30 20:10:38,2,55,41,5207.2598,4742.5960
2026-09-30 20:10:38,2,55,42,5207.2598,4567.0701
2026-09-30 20:10:38,2,55,43,5207.2598,4618.3348
2026-09-30 20:10:38,2,55,44,5207.2598,4743.0593
2026-09-30 20:10:38,2,55,45,5207.2598,4719.4913
2026-09-30 20:10:38,2,55,46,5207.2598,4640.3923
2026-09-30 20:10:41,2,56,1,3518.1063,1661.4469
2026-09-30 20:10:41,2,56,2,3654.0548,2303.4165
2026-09-30 20:10:41,2,56,3,3654.0548,2719.9588
2026-09-30 20:10:41,2,56,4,3784.8818,2981.2986
2026-09-30 20:10:41,2,56,5,3809.5669,3250.6757
2026-09-30 20:10:41,2,56,6,3809.5669,3315.5057
2026-09-30 20:10:41,2,56,7,3861.9758,3328.1910
2026-09-30 20:10:41,2,56,8,3997.7665,3423.7326
2026-09-30 20:10:41,2,56,9,4118.5002,3457.2158
2026-09-30 20:10:41,2,56,10,4118.5002,3394.4580
2026-09-30 20:10:41,2,56,11,4132.5655,3497.6512
2026-09-30 20:10:41,2,56,12,4132.5655,3586.8225
2026-09-30 20:10:41,2,56,13,4336.1594,3654.5218
2026-09-30 20:10:41,2,56,14,4336.1594,3753.4016
2026-09-30 20:10:41,2,56,15,4336.1594,3895.9721
2026-09-30 20:10:41,2,56,16,4336.1594,3923.0784
2026-09-30 20:10:41,2,56,17,4336.1594,3929.6015
2026-09-30 20:10:41,2,56,18,4336.1594,3982.6908
2026-09-30 20:10:41,2,56,19,4336.1594,4007.3808
2026-09-30 20:10:41,2,56,20,4336.1594,4077.2180
2026-09-30 20:10:41,2,56,21,4336.1594,4019.8804
2026-09-30 20:10:41,2,56,22,4336.1594,4069.5942
2026-09-30 20:10:41,2,56,23,4769.4685,4126.7461
2026-09-30 20:10:41,2,56,24,4861.1353,4122.8115
2026-09-30 20:10:41,2,56,25,4861.1353,4096.0290
2026-09-30 20:10:41,2,56,26,5152.0072,4297.1617
2026-09-30 20:10:41,2,56,27,5164.8416,4268.6679
2026-09-30 20:10:41,2,56,28,5164.8416,4232.0106
2026-09-30 20:10:41,2,56,29,5172.8750,4508.0516
2026-09-30 20:10:41,2,56,30,5229.4012,4516.7045
2026-09-30 20:10:41,2,56,31,5340.8094,4344.0189
2026-09-30 20:10:41,2,56,32,5340.8094,4384.6827
2026-09-30 20:10:41,2,56,33,5340.8094,4559.6711
2026-09-30 20:10:41,2,56,34,5340.8094,4876.8438
2026-09-30 20:10:41,2,56,35,5340.8094,4937.6415
2026-09-30 20:10:41,2,56,36,5340.8094,4707.0230
2026-09-30 20:10:41,2,56,37,5340.8094,4735.8265
2026-09-30 20:10:41,2,56,38,5340.8094,4715.5608
2026-09-30 20:10:41,2,56,39,5340.9077,4654.5911
2026-09-30 20:10:41,2,56,40,5340.9077,4673.0007
2026-09-30 20:10:41,2,56,41,5340.9077,4737.7196
2026-09-30 20:10:41,2,56,42,5340.9077,4728.2286
2026-09-30 20:10:41,2,56,43,5340.9077,4542.8658
2026-09-30 20:10:41,2,56,44,5340.9077,4396.0174
2026-09-30 20:10:41,2,56,45,5340.9077,4747.0740
2026-09-30 20:10:41,2,56,46,5340.9077,4815.0857
2026-09-30 20:10:47,2,57,1,4563.4006,1614.6792
2026-09-30 20:10:47,2,57,2,4563.4006,1986.2758
2026-09-30 20:10:47,2,57,3,4563.4006,2311.9657
2026-09-30 20:10:47,2,57,4,4563.4006,2625.1152
2026-09-30 20:10:47,2,57,5,4595.4155,3348.6957
2026-09-30 20:10:47,2,57,6,4649.1990,3735.0588
2026-09-30 20:10:47,2,57,7,4703.9988,3716.5893
2026-09-30 20:10:47,2,57,8,4703.9988,3857.1813
2026-09-30 20:10:47,2,57,9,4703.9988,4054.2060
2026-09-30 20:10:47,2,57,10,4703.9988,4110.8861
2026-09-30 20:10:47,2,57,11,4703.9988,4028.0030
2026-09-30 20:10:47,2,57,12,4703.9988,4239.8536
2026-09-30 20:10:47,2,57,13,4703.9988,4148.4423
2026-09-30 20:10:47,2,57,14,4703.9988,3998.3437
2026-09-30 20:10:47,2,57,15,4703.9988,4241.1162
2026-09-30 20:10:47,2,57,16,4703.9988,4113.1747
2026-09-30 20:10:47,2,57,17,4703.9988,4127.0951
2026-09-30 20:10:47,2,57,18,4703.9988,3966.3515
2026-09-30 20:10:47,2,57,19,4703.9988,4016.4392
2026-09-30 20:10:47,2,57,20,4742.3018,4197.8379
2026-09-30 20:10:47,2,57,21,4742.3018,4256.6902
2026-09-30 20:10:47,2,57,22,4761.0745,4153.3616
2026-09-30 20:10:47,2,57,23,4776.6936,4124.5305
2026-09-30 20:10:47,2,57,24,4776.6936,4151.4107
2026-09-30 20:10:47,2,57,25,4782.2839,4012.7996
2026-09-30 20:10:47,2,57,26,4782.2839,4201.9857
2026-09-30 20:10:47,2,57,27,4782.2839,4197.9337
2026-09-30 20:10:47,2,57,28,4807.6967,4185.1700
2026-09-30 20:10:47,2,57,29,4807.6967,4317.6245
2026-09-30 20:10:47,2,57,30,4807.6967,4227.6901
2026-09-30 20:10:47,2,57,31,4832.2757,4235.8108
2026-09-30 20:10:47,2,57,32,4832.2757,4292.6302
2026-09-30 20:10:47,2,57,33,4832.2757,4301.2141
2026-09-30 20:10:47,2,57,34,4832.2757,4171.1376
2026-09-30 20:10:47,2,57,35,4832.2757,4234.5414
2026-09-30 20:10:47,2,57,36,4832.2757,4359.6097
2026-09-30 20:10:47,2,57,37,4832.2757,4357.5971
2026-09-30 20:10:47,2,57,38,4832.2757,4324.9936
2026-09-30 20:10:47,2,57,39,4832.2757,4524.4935
2026-09-30 20:10:47,2,57,40,4832.2757,4234.4283
2026-09-30 20:10:47,2,57,41,4832.2757,4331.5949
2026-09-30 20:10:47,2,57,42,4832.2757,4330.5857
2026-09-30 20:10:47,2,57,43,4837.8756,4401.0933
2026-09-30 20:10:52,2,58,1,3909.4497,1674.2372
2026-09-30 20:10:52,2,58,2,3944.8211,2145.0372
2026-09-30 20:10:52,2,58,3,3944.8211,2480.6775
2026-09-30 20:10:52,2,58,4,3956.4828,2568.9501
2026-09-30 20:10:52,2,58,5,3956.4828,2800.8854
2026-09-30 20:10:52,2,58,6,3982.3702,2933.0273
2026-09-30 20:10:52,2,58,7,3982.3702,3007.2529
2026-09-30 20:10:52,2,58,8,3982.3702,3109.3454
2026-09-30 20:10:52,2,58,9,3982.3702,3169.4948
2026-09-30 20:10:52,2,58,10,3982.3702,3224.1877
2026-09-30 20:10:52,2,58,11,3982.3702,3471.7473
2026-09-30 20:10:52,2,58,12,3982.3702,3560.6442
2026-09-30 20:10:52,2,58,13,3982.3702,3575.1653
2026-09-30 20:10:52,2,58,14,3992.3357,3569.1647
2026-09-30 20:10:52,2,58,15,4040.6744,3670.5395
2026-09-30 20:10:52,2,58,16,4080.6476,3794.8054
2026-09-30 20:10:52,2,58,17,4080.6476,3533.5736
2026-09-30 20:10:52,2,58,18,4080.6476,3570.7801
2026-09-30 20:10:52,2,58,19,4080.6476,3767.8634
2026-09-30 20:10:52,2,58,20,4080.6476,3503.4947
2026-09-30 20:10:52,2,58,21,4080.6476,3637.1722
2026-09-30 20:10:52,2,58,22,4080.6476,3642.1867
2026-09-30 20:10:52,2,58,23,4090.5766,3650.6063
2026-09-30 20:10:52,2,58,24,4090.5766,3751.6303
2026-09-30 20:10:52,2,58,25,4138.9863,3676.7082
2026-09-30 20:10:52,2,58,26,4138.9863,3671.3930
2026-09-30 20:10:52,2,58,27,4138.9863,3740.6175
2026-09-30 20:10:52,2,58,28,4403.1766,3735.9890
2026-09-30 20:10:52,2,58,29,4403.1766,3683.2756
2026-09-30 20:10:52,2,58,30,4403.1766,3652.0241
2026-09-30 20:10:52,2,58,31,4403.1766,3566.7025
2026-09-30 20:10:52,2,58,32,4404.3338,3689.6678
2026-09-30 20:10:52,2,58,33,4404.3338,3915.7094
2026-09-30 20:10:52,2,58,34,4424.2856,3953.3383
2026-09-30 20:10:52,2,58,35,4443.5880,3843.6369
2026-09-30 20:10:52,2,58,36,4443.5880,3870.3338
2026-09-30 20:10:52,2,58,37,4443.5880,3944.9213
2026-09-30 20:10:52,2,58,38,4443.5880,4047.2182
2026-09-30 20:10:52,2,58,39,4443.5880,3856.0502
2026-09-30 20:10:52,2,58,40,4443.5880,3852.9639
2026-09-30 20:10:52,2,58,41,4474.5335,4003.9054
2026-09-30 20:10:52,2,58,42,4474.5335,3989.6278
2026-09-30 20:10:52,2,58,43,4474.5335,3939.9077
2026-09-30 20:10:52,2,58,44,4474.5335,3974.0938
2026-09-30 20:10:52,2,58,45,4474.5335,3859.7100
2026-09-30 20:10:52,2,58,46,4474.5335,3888.2290
2026-09-30 20:10:52,2,58,47,4474.5335,3868.0331
2026-09-30 20:10:52,2,58,48,4474.5335,4079.9685
2026-09-30 20:10:52,2,58,49,4474.5335,3845.8751
2026-09-30 20:10:52,2,58,50,4474.5335,4045.2442
2026-09-30 20:10:53,2,59,1,4251.7661,1580.5625
2026-09-30 20:10:53,2,59,2,4262.9693,2332.8468
2026-09-30 20:10:53,2,59,3,4262.9693,2883.0496
2026-09-30 20:10:53,2,59,4,4262.9693,3233.5034
2026-09-30 20:10:53,2,59,5,4353.1655,3352.8151
2026-09-30 20:10:53,2,59,6,4353.1655,3591.8641
2026-09-30 20:10:53,2,59,7,4353.1655,3812.1394
2026-09-30 20:10:53,2,59,8,4353.1655,3824.3698
2026-09-30 20:10:53,2,59,9,4353.1655,3765.6992
2026-09-30 20:10:53,2,59,10,4640.4109,3850.4284
2026-09-30 20:10:53,2,59,11,4640.4109,3894.7690
2026-09-30 20:10:53,2,59,12,4640.4109,3820.2198
2026-09-30 20:10:53,2,59,13,4683.9423,4007.3908
2026-09-30 20:10:53,2,59,14,4683.9423,3946.0182
2026-09-30 20:10:53,2,59,15,4683.9423,4064.8617
2026-09-30 20:10:53,2,59,16,4683.9423,3890.8296
2026-09-30 20:10:53,2,59,17,4746.6214,4015.2528
2026-09-30 20:10:53,2,59,18,4835.5561,3909.3565
2026-09-30 20:10:53,2,59,19,4835.5561,4037.4625
2026-09-30 20:10:53,2,59,20,4883.0723,3929.0809
2026-09-30 20:10:53,2,59,21,4883.0723,4011.0292
2026-09-30 20:10:53,2,59,22,4883.0723,4077.7473
2026-09-30 20:10:53,2,59,23,4883.0723,4306.0865
2026-09-30 20:10:53,2,59,24,4883.0723,4340.1772
2026-09-30 20:10:53,2,59,25,4883.0723,4460.3652
2026-09-30 20:10:53,2,59,26,4883.0723,4506.5735
2026-09-30 20:10:53,2,59,27,4883.0723,4420.3397
2026-09-30 20:10:53,2,59,28,4898.5630,4464.1811
2026-09-30 20:10:53,2,59,29,4898.5630,4434.3462
2026-09-30 20:10:53,2,59,30,4936.9597,4371.8788
2026-09-30 20:10:53,2,59,31,4936.9597,4562.7982
2026-09-30 20:10:53,2,59,32,4936.9597,4510.2436
2026-09-30 20:10:53,2,59,33,4936.9597,4355.8904
2026-09-30 20:10:53,2,59,34,4936.9597,4550.1100
2026-09-30 20:10:53,2,59,35,4936.9728,4415.7300
2026-09-30 20:10:53,2,59,36,4936.9728,4478.8538
2026-09-30 20:10:53,2,59,37,4936.9728,4356.8715
2026-09-30 20:10:53,2,59,38,4936.9728,4444.7444
2026-09-30 20:10:53,2,59,39,4936.9728,4629.5974
2026-09-30 20:10:53,2,59,40,5025.7141,4561.2718
2026-09-30 20:10:53,2,59,41,5025.7141,4508.1971
2026-09-30 20:10:53,2,59,42,5085.2019,4671.7348
2026-09-30 20:10:53,2,59,43,5085.2019,4550.7861
2026-09-30 20:10:53,2,59,44,5085.2019,4498.4440
2026-09-30 20:10:53,2,59,45,5094.9037,4477.2616
2026-09-30 20:10:53,2,59,46,5094.9037,4657.5503
2026-09-30 20:10:53,2,59,47,5094.9037,4641.8192
2026-09-30 20:10:53,2,59,48,5114.4192,4645.4188
2026-09-30 20:10:53,2,59,49,5114.4192,4529.8690
2026-09-30 20:10:53,2,59,50,5114.4192,4583.7286
2026-09-30 20:10:57,3,60,1,3730.2447,963.9709
2026-09-30 20:10:57,3,60,2,3730.2447,1087.1727
2026-09-30 20:10:57,3,60,3,4099.6171,1431.3795
2026-09-30 20:10:57,3,60,4,4099.6171,1500.7028
2026-09-30 20:10:57,3,60,5,4099.6171,1536.0329
2026-09-30 20:10:57,3,60,6,4099.6171,1449.5196
2026-09-30 20:10:57,3,60,7,4099.6171,1503.8374
2026-09-30 20:10:57,3,60,8,4099.6171,1591.9313
2026-09-30 20:10:57,3,60,9,4099.6171,1678.3143
2026-09-30 20:10:57,3,60,10,4099.6171,1647.5601
2026-09-30 20:10:57,3,60,11,4099.6171,1677.4698
2026-09-30 20:10:57,3,60,12,4099.6171,1746.0808
2026-09-30 20:10:57,3,60,13,4099.6171,1805.2506
2026-09-30 20:10:57,3,60,14,4099.6171,1811.6846
2026-09-30 20:10:57,3,60,15,4099.6171,1844.4895
2026-09-30 20:10:57,3,60,16,4099.6171,1883.1000
2026-09-30 20:10:57,3,60,17,4099.6171,1830.8631
2026-09-30 20:10:57,3,60,18,4099.6171,1840.0084
2026-09-30 20:10:59,2,61,1,3478.9350,1615.8795
2026-09-30 20:10:59,2,61,2,3549.9646,2154.2980
2026-09-30 20:10:59,2,61,3,3549.9646,2513.3376
2026-09-30 20:10:59,2,61,4,3555.3455,2744.9151
2026-09-30 20:10:59,2,61,5,3555.3455,2878.7532
2026-09-30 20:10:59,2,61,6,3677.2546,2890.0364
2026-09-30 20:10:59,2,61,7,3677.2546,3040.7352
2026-09-30 20:10:59,2,61,8,3749.1962,3145.2979
2026-09-30 20:10:59,2,61,9,3753.9443,3308.8879
2026-09-30 20:10:59,2,61,10,3753.9443,3269.5776
2026-09-30 20:10:59,2,61,11,3753.9443,3364.0696
2026-09-30 20:10:59,2,61,12,3797.6950,3404.9086
2026-09-30 20:10:59,2,61,13,3797.6950,3343.2205
2026-09-30 20:10:59,2,61,14,3797.6950,3371.1892
2026-09-30 20:10:59,2,61,15,3797.6950,3300.1318
2026-09-30 20:10:59,2,61,16,3797.6950,3399.3876
2026-09-30 20:10:59,2,61,17,3797.6950,3327.2846
2026-09-30 20:10:59,2,61,18,3879.7221,3445.8961
2026-09-30 20:10:59,2,61,19,3879.7221,3481.0438
2026-09-30 20:10:59,2,61,20,3879.7221,3442.9559
2026-09-30 20:10:59,2,61,21,3879.7221,3535.1187
2026-09-30 20:10:59,2,61,22,3879.7221,3505.1733
2026-09-30 20:10:59,2,61,23,3902.0711,3551.9283
2026-09-30 20:10:59,2,61,24,3919.6572,3604.2533
2026-09-30 20:10:59,2,61,25,3945.9181,3514.7414
2026-09-30 20:10:59,2,61,26,3945.9181,3586.0403
2026-09-30 20:10:59,2,61,27,3945.9181,3558.3856
2026-09-30 20:10:59,2,61,28,3980.2066,3491.2046
2026-09-30 20:10:59,2,61,29,3980.2066,3597.3851
2026-09-30 20:10:59,2,61,30,3980.2066,3700.1762
2026-09-30 20:10:59,2,61,31,3980.2066,3489.9249
2026-09-30 20:10:59,2,61,32,3980.2066,3638.9794
2026-09-30 20:10:59,2,61,33,3980.2066,3589.9775
2026-09-30 20:10:59,2,61,34,4602.5200,3619.1409
2026-09-30 20:10:59,2,61,35,4602.5200,3612.8627
2026-09-30 20:10:59,2,61,36,4602.5200,3597.3141
2026-09-30 20:10:59,2,61,37,4602.5200,3672.7023
2026-09-30 20:10:59,2,61,38,4602.5200,3774.5226
2026-09-30 20:10:59,2,61,39,4602.5200,3585.9423
2026-09-30 20:10:59,2,61,40,4602.5200,3534.2526
2026-09-30 20:10:59,2,61,41,4602.5200,3695.0456
2026-09-30 20:10:59,2,61,42,4647.8566,3620.0699
2026-09-30 20:10:59,2,61,43,4742.6168,3634.5235
2026-09-30 20:10:59,2,61,44,4773.8631,3652.6838
2026-09-30 20:10:59,2,61,45,4804.5176,3770.0131
2026-09-30 20:10:59,2,61,46,4845.2798,3819.8491
2026-09-30 20:10:59,2,61,47,4845.2798,3705.7929
2026-09-30 20:10:59,2,61,48,4854.5959,3949.4155
2026-09-30 20:10:59,2,61,49,4874.6761,4036.9791
2026-09-30 20:10:59,2,61,50,4874.6761,3945.6091
2026-09-30 20:11:06,2,62,1,3510.3688,1735.9960
2026-09-30 20:11:06,2,62,2,3742.2269,2262.9106
2026-09-30 20:11:06,2,62,3,3742.2269,2451.9642
2026-09-30 20:11:06,2,62,4,3809.8266,2764.5544
2026-09-30 20:11:06,2,62,5,4061.6902,2914.0743
2026-09-30 20:11:06,2,62,6,4061.6902,3146.3286
2026-09-30 20:11:06,2,62,7,4400.2830,3130.0611
2026-09-30 20:11:06,2,62,8,4400.2830,3198.8515
2026-09-30 20:11:06,2,62,9,4400.2830,3287.7551
2026-09-30 20:11:06,2,62,10,4400.2830,3351.2234
2026-09-30 20:11:06,2,62,11,4400.2830,3374.9176
2026-09-30 20:11:06,2,62,12,4400.2830,3423.9762
2026-09-30 20:11:06,2,62,13,4400.2830,3489.9632
2026-09-30 20:11:06,2,62,14,4400.2830,3649.0303
2026-09-30 20:11:06,2,62,15,4400.2830,3743.9651
2026-09-30 20:11:06,2,62,16,4410.3811,3827.5923
2026-09-30 20:11:06,2,62,17,4439.1525,3924.0645
2026-09-30 20:11:06,2,62,18,4439.1525,3918.3980
2026-09-30 20:11:06,2,62,19,4439.1525,3991.5218
2026-09-30 20:11:06,2,62,20,4488.3854,3998.0141
2026-09-30 20:11:06,2,62,21,4605.8232,3968.0268
2026-09-30 20:11:06,2,62,22,4707.5289,3963.6572
2026-09-30 20:11:06,2,62,23,4707.5289,4050.7168
2026-09-30 20:11:06,2,62,24,4707.5289,4098.4760
2026-09-30 20:11:06,2,62,25,4708.5123,4207.0250
2026-09-30 20:11:06,2,62,26,4801.8066,4237.3323
2026-09-30 20:11:06,2,62,27,4801.8066,4229.7482
2026-09-30 20:11:06,2,62,28,4801.8066,4166.5875
2026-09-30 20:11:06,2,62,29,4801.8066,4256.6309
2026-09-30 20:11:06,2,62,30,4801.8066,4330.4344
2026-09-30 20:11:06,2,62,31,4801.8066,4334.0335
2026-09-30 20:11:06,2,62,32,4801.8066,4348.7121
2026-09-30 20:11:06,2,62,33,4801.8066,4364.9379
2026-09-30 20:11:06,2,62,34,4801.8066,4339.0428
2026-09-30 20:11:06,2,62,35,4801.8066,4155.0444
2026-09-30 20:11:06,2,62,36,4801.8066,4264.2072
2026-09-30 20:11:06,2,62,37,4812.6055,4315.9768
2026-09-30 20:11:06,2,62,38,4812.6055,4350.5524
2026-09-30 20:11:06,2,62,39,4813.9532,4423.3067
2026-09-30 20:11:06,2,62,40,4883.0809,4452.2360
2026-09-30 20:11:06,2,62,41,4883.0809,4454.4285
2026-09-30 20:11:06,2,62,42,4904.8396,4469.9548
2026-09-30 20:11:06,2,62,43,4904.8396,4293.1517
2026-09-30 20:11:06,2,62,44,4904.8396,4481.0618
2026-09-30 20:11:06,2,62,45,4952.0403,4393.3238
2026-09-30 20:11:06,2,62,46,4952.0403,4425.3552
2026-09-30 20:11:06,2,62,47,5001.6686,4559.2662
2026-09-30 20:11:06,2,62,48,5001.6686,4480.6657
2026-09-30 20:11:06,2,62,49,5001.6686,4550.6604
2026-09-30 20:11:06,2,62,50,5184.9673,4524.4940
2026-09-30 20:11:11,2,63,1,4429.0397,1442.7252
2026-09-30 20:11:11,2,63,2,4461.3629,1813.5701
2026-09-30 20:11:11,2,63,3,4549.3818,2371.4988
2026-09-30 20:11:11,2,63,4,4549.3818,2958.6313
2026-09-30 20:11:11,2,63,5,4549.3818,3336.1507
2026-09-30 20:11:11,2,63,6,4549.3818,3852.4347
2026-09-30 20:11:11,2,63,7,4586.0995,4219.3029
2026-09-30 20:11:11,2,63,8,4662.6437,4273.1319
2026-09-30 20:11:11,2,63,9,4718.6086,4255.4328
2026-09-30 20:11:11,2,63,10,4719.8567,4237.4321
2026-09-30 20:11:11,2,63,11,4796.1731,4463.9959
2026-09-30 20:11:11,2,63,12,4796.1731,4251.2156
2026-09-30 20:11:11,2,63,13,4796.1731,4380.9226
2026-09-30 20:11:11,2,63,14,4796.1731,4281.8230
2026-09-30 20:11:11,2,63,15,4813.8241,4342.5982
2026-09-30 20:11:11,2,63,16,4827.6204,4343.8577
2026-09-30 20:11:11,2,63,17,4827.6204,4201.0920
2026-09-30 20:11:11,2,63,18,4963.4472,4294.4251
2026-09-30 20:11:11,2,63,19,4963.4472,4390.7055
2026-09-30 20:11:11,2,63,20,4963.4472,4453.4089
2026-09-30 20:11:11,2,63,21,4963.4472,4449.3911
2026-09-30 20:11:11,2,63,22,4963.4472,4222.9143
2026-09-30 20:11:11,2,63,23,4963.4472,4473.1757
2026-09-30 20:11:11,2,63,24,4963.4472,4473.0004
2026-09-30 20:11:11,2,63,25,4963.4472,4428.2669
2026-09-30 20:11:11,2,63,26,4965.3450,4354.8829
2026-09-30 20:11:11,2,63,27,4965.3450,4442.0271
2026-09-30 20:11:11,2,63,28,4965.3450,4558.7072
2026-09-30 20:11:11,2,63,29,4965.3450,4511.8338
2026-09-30 20:11:11,2,63,30,5050.2192,4483.0761
2026-09-30 20:11:11,2,63,31,5124.5426,4646.5954
2026-09-30 20:11:11,2,63,32,5146.2263,4393.4803
2026-09-30 20:11:11,2,63,33,5146.2263,4512.0924
2026-09-30 20:11:11,2,63,34,5172.2155,4371.5620
2026-09-30 20:11:11,2,63,35,5172.2155,4380.8808
2026-09-30 20:11:11,2,63,36,5172.2155,4279.9650
2026-09-30 20:11:11,2,63,37,5239.4047,4380.7543
2026-09-30 20:11:11,2,63,38,5239.4047,4516.9080
2026-09-30 20:11:11,2,63,39,5246.1648,4588.2640
2026-09-30 20:11:11,2,63,40,5246.1648,4793.9371
2026-09-30 20:11:11,2,63,41,5246.1648,4807.5168
2026-09-30 20:11:11,2,63,42,5246.1648,4625.9373
2026-09-30 20:11:11,2,63,43,5248.6945,4643.5267
2026-09-30 20:11:11,2,63,44,5248.6945,4488.6455
2026-09-30 20:11:11,2,63,45,5248.6945,4805.6447
2026-09-30 20:11:11,2,63,46,5248.6945,4649.6208
2026-09-30 20:11:11,2,63,47,5252.4108,4378.4817
2026-09-30 20:11:11,2,63,48,5259.1344,4317.7953
2026-09-30 20:11:11,2,63,49,5259.1344,4608.6236
2026-09-30 20:11:11,2,63,50,5273.8484,4619.6442
2026-09-30 20:11:24,3,64,1,2684.2487,855.2059
2026-09-30 20:11:24,3,64,2,2855.4751,1204.8892
2026-09-30 20:11:24,3,64,3,2855.4751,1222.5555
2026-09-30 20:11:24,3,64,4,3702.7041,1261.9619
2026-09-30 20:11:24,3,64,5,3702.7041,1318.9896
2026-09-30 20:11:24,3,64,6,3702.7041,1447.5608
2026-09-30 20:11:24,3,64,7,3702.7041,1499.4637
2026-09-30 20:11:24,3,64,8,3702.7041,1493.4153
2026-09-30 20:11:24,3,64,9,3702.7041,1401.4737
2026-09-30 20:11:24,3,64,10,3702.7041,1512.9386
2026-09-30 20:11:24,3,64,11,3702.7041,1538.1767
2026-09-30 20:11:24,3,64,12,3702.7041,1544.9003
2026-09-30 20:11:24,3,64,13,3702.7041,1446.7895
2026-09-30 20:11:24,3,64,14,3702.7041,1587.2873
2026-09-30 20:11:24,3,64,15,3702.7041,1570.6544
2026-09-30 20:11:24,3,64,16,3702.7041,1548.9921
2026-09-30 20:11:24,3,64,17,3702.7041,1591.6208
2026-09-30 20:11:24,3,64,18,3702.7041,1491.5542
2026-09-30 20:11:24,3,64,19,3702.7041,1568.1921
2026-09-30 20:11:26,3,65,1,2483.3492,969.0233
2026-09-30 20:11:26,3,65,2,2483.3492,1258.2883
2026-09-30 20:11:26,3,65,3,2728.8634,1314.9686
2026-09-30 20:11:26,3,65,4,2953.5111,1356.9476
2026-09-30 20:11:26,3,65,5,2953.5111,1473.1945
2026-09-30 20:11:26,3,65,6,3057.4615,1563.6014
2026-09-30 20:11:26,3,65,7,3223.0899,1500.3640
2026-09-30 20:11:26,3,65,8,3223.0899,1461.0207
2026-09-30 20:11:26,3,65,9,3223.0899,1594.0276
2026-09-30 20:11:26,3,65,10,3223.0899,1563.6593
2026-09-30 20:11:26,3,65,11,3223.0899,1592.1219
2026-09-30 20:11:26,3,65,12,3417.4119,1722.1757
2026-09-30 20:11:26,3,65,13,3417.4119,1740.9797
2026-09-30 20:11:26,3,65,14,3417.4119,1620.4619
2026-09-30 20:11:26,3,65,15,3614.9707,1855.2948
2026-09-30 20:11:26,3,65,16,3614.9707,1829.7487
2026-09-30 20:11:26,3,65,17,3614.9707,1824.2076
2026-09-30 20:11:26,3,65,18,3614.9707,1817.3507
2026-09-30 20:11:26,3,65,19,3614.9707,1810.9271
2026-09-30 20:11:26,3,65,20,3614.9707,1834.2281
2026-09-30 20:11:26,3,65,21,3614.9707,1839.1790
2026-09-30 20:11:26,3,65,22,3699.3442,1906.4071
2026-09-30 20:11:26,3,65,23,3699.3442,1836.9429
2026-09-30 20:11:26,3,65,24,3699.3442,1845.4718
2026-09-30 20:11:26,3,65,25,3699.3442,1720.9991
2026-09-30 20:11:26,3,65,26,3699.3442,1838.4149
2026-09-30 20:11:26,3,65,27,3699.3442,1829.0111
2026-09-30 20:11:26,3,65,28,3699.3442,1698.9305
2026-09-30 20:11:26,3,65,29,3699.3442,1857.8018
2026-09-30 20:11:26,3,65,30,3713.7687,1742.8739
2026-09-30 20:11:26,3,65,31,3713.7687,1718.1430
2026-09-30 20:11:26,3,65,32,3713.7687,1797.4633
2026-09-30 20:11:26,3,65,33,3713.7687,1864.0356
2026-09-30 20:11:26,3,65,34,3713.7687,1837.0985
2026-09-30 20:11:26,3,65,35,3713.7687,1948.4755
2026-09-30 20:11:26,3,65,36,3713.7687,1851.8872
2026-09-30 20:11:26,3,65,37,3713.7687,1821.4552
2026-09-30 20:11:31,3,66,1,3708.3562,951.5524
2026-09-30 20:11:31,3,66,2,3708.3562,1231.4287
2026-09-30 20:11:31,3,66,3,3708.3562,1287.5381
2026-09-30 20:11:31,3,66,4,3708.3562,1356.3384
2026-09-30 20:11:31,3,66,5,3708.3562,1498.8329
2026-09-30 20:11:31,3,66,6,3708.3562,1580.3395
2026-09-30 20:11:31,3,66,7,3708.3562,1562.7740
2026-09-30 20:11:31,3,66,8,3708.3562,1643.7679
2026-09-30 20:11:31,3,66,9,3708.3562,1699.5336
2026-09-30 20:11:31,3,66,10,3708.3562,1691.1439
2026-09-30 20:11:31,3,66,11,3708.3562,1763.6968
2026-09-30 20:11:31,3,66,12,3708.3562,1791.1897
2026-09-30 20:11:31,3,66,13,3708.3562,1909.0157
2026-09-30 20:11:31,3,66,14,3708.3562,1675.7727
2026-09-30 20:11:31,3,66,15,3708.3562,1823.8682
2026-09-30 20:11:31,3,66,16,3708.3562,1692.2039
2026-09-30 20:11:56,3,67,1,3044.4911,935.5009
2026-09-30 20:11:56,3,67,2,3142.2414,1159.8366
2026-09-30 20:11:56,3,67,3,3763.2640,1310.8358
2026-09-30 20:11:56,3,67,4,3763.2640,1281.5291
2026-09-30 20:11:56,3,67,5,3763.2640,1501.8231
2026-09-30 20:11:56,3,67,6,3763.2640,1458.9292
2026-09-30 20:11:56,3,67,7,3763.2640,1573.2794
2026-09-30 20:11:56,3,67,8,3763.2640,1718.3068
2026-09-30 20:11:56,3,67,9,3763.2640,1710.4399
2026-09-30 20:11:56,3,67,10,3763.2640,1720.2396
2026-09-30 20:11:56,3,67,11,3763.2640,1624.8334
2026-09-30 20:11:56,3,67,12,3763.2640,1645.6331
2026-09-30 20:11:56,3,67,13,3763.2640,1617.8788
2026-09-30 20:11:56,3,67,14,3763.2640,1735.0941
2026-09-30 20:11:56,3,67,15,3763.2640,1581.2417
2026-09-30 20:11:56,3,67,16,3763.2640,1704.5289
2026-09-30 20:11:56,3,67,17,3763.2640,1741.0595
2026-09-30 20:11:56,3,67,18,3763.2640,1751.1668
2026-09-30 20:12:00,3,68,1,2410.4976,967.3656
2026-09-30 20:12:00,3,68,2,2410.4976,1051.7037
2026-09-30 20:12:00,3,68,3,2410.4976,1159.3824
2026-09-30 20:12:00,3,68,4,2650.4966,1203.4964
2026-09-30 20:12:00,3,68,5,2721.3651,1288.6753
2026-09-30 20:12:00,3,68,6,2909.8630,1420.3523
2026-09-30 20:12:00,3,68,7,2909.8630,1360.9758
2026-09-30 20:12:00,3,68,8,3076.1099,1515.2251
2026-09-30 20:12:00,3,68,9,3076.1099,1500.3483
2026-09-30 20:12:00,3,68,10,3076.1099,1540.3559
2026-09-30 20:12:00,3,68,11,3125.1085,1550.4699
2026-09-30 20:12:00,3,68,12,3125.1085,1573.6761
2026-09-30 20:12:00,3,68,13,3125.1085,1610.2471
2026-09-30 20:12:00,3,68,14,3125.1085,1735.2690
2026-09-30 20:12:00,3,68,15,3125.1085,1655.5163
2026-09-30 20:12:00,3,68,16,3298.9743,1746.6003
2026-09-30 20:12:00,3,68,17,3298.9743,1816.7473
2026-09-30 20:12:00,3,68,18,3298.9743,1824.7178
2026-09-30 20:12:00,3,68,19,3298.9743,1817.1319
2026-09-30 20:12:00,3,68,20,3298.9743,1885.9065
2026-09-30 20:12:00,3,68,21,3339.9994,1730.8018
2026-09-30 20:12:00,3,68,22,3339.9994,1697.4475
2026-09-30 20:12:00,3,68,23,3339.9994,1865.0503
2026-09-30 20:12:00,3,68,24,3339.9994,1805.9080
2026-09-30 20:12:00,3,68,25,3339.9994,1749.9786
2026-09-30 20:12:00,3,68,26,3339.9994,1693.2932
2026-09-30 20:12:00,3,68,27,3401.7975,1886.9790
2026-09-30 20:12:00,3,68,28,3732.1231,1629.9915
2026-09-30 20:12:00,3,68,29,3732.1231,1809.4108
2026-09-30 20:12:00,3,68,30,3732.1231,1767.1137
2026-09-30 20:12:00,3,68,31,3732.1231,1745.8764
2026-09-30 20:12:00,3,68,32,3732.1231,1808.5606
2026-09-30 20:12:00,3,68,33,3732.1231,1820.3255
2026-09-30 20:12:00,3,68,34,3732.1231,1881.0077
2026-09-30 20:12:00,3,68,35,3732.1231,1890.8267
2026-09-30 20:12:00,3,68,36,3732.1231,1800.0609
2026-09-30 20:12:00,3,68,37,3732.1231,1622.6979
2026-09-30 20:12:00,3,68,38,3732.1231,1754.2974
2026-09-30 20:12:00,3,68,39,3732.1231,1846.1343
2026-09-30 20:12:00,3,68,40,3732.1231,1730.0362
2026-09-30 20:12:00,3,68,41,3732.1231,1813.5853
2026-09-30 20:12:00,3,68,42,3732.1231,1819.6708
2026-09-30 20:12:00,3,68,43,3732.1231,1782.7306
2026-09-30 20:12:10,3,69,1,3025.6266,950.4057
2026-09-30 20:12:10,3,69,2,3025.6266,1123.0711
2026-09-30 20:12:10,3,69,3,3025.6266,1285.1588
2026-09-30 20:12:10,3,69,4,3044.5868,1473.7443
2026-09-30 20:12:10,3,69,5,3460.5148,1499.9214
2026-09-30 20:12:10,3,69,6,3460.5148,1477.5187
2026-09-30 20:12:10,3,69,7,3630.7418,1613.9702
2026-09-30 20:12:10,3,69,8,3630.7418,1640.9363
2026-09-30 20:12:10,3,69,9,3630.7418,1704.4830
2026-09-30 20:12:10,3,69,10,3630.7418,1699.9365
2026-09-30 20:12:10,3,69,11,3630.7418,1703.1741
2026-09-30 20:12:10,3,69,12,3630.7418,1745.4111
2026-09-30 20:12:10,3,69,13,3630.7418,1758.2185
2026-09-30 20:12:10,3,69,14,3630.7418,1778.1813
2026-09-30 20:12:10,3,69,15,3630.7418,1724.5803
2026-09-30 20:12:10,3,69,16,3630.7418,1796.9030
2026-09-30 20:12:10,3,69,17,3630.7418,1911.1094
2026-09-30 20:12:10,3,69,18,3630.7418,1782.6478
2026-09-30 20:12:10,3,69,19,3630.7418,1840.9325
2026-09-30 20:12:10,3,69,20,3630.7418,1776.8797
2026-09-30 20:12:10,3,69,21,3630.7418,1730.4232
2026-09-30 20:12:10,3,69,22,3630.7418,1737.7598
2026-09-30 20:12:18,3,70,1,2944.0732,1037.5984
2026-09-30 20:12:18,3,70,2,2944.0732,1232.9213
2026-09-30 20:12:18,3,70,3,2944.0732,1339.0000
2026-09-30 20:12:18,3,70,4,3109.4722,1436.3599
2026-09-30 20:12:18,3,70,5,3266.0390,1450.4793
2026-09-30 20:12:18,3,70,6,3266.0390,1536.5816
2026-09-30 20:12:18,3,70,7,3266.0390,1567.8280
2026-09-30 20:12:18,3,70,8,3266.0390,1637.2933
2026-09-30 20:12:18,3,70,9,3266.0390,1560.5966
2026-09-30 20:12:18,3,70,10,3266.0390,1697.3719
2026-09-30 20:12:18,3,70,11,3266.0390,1596.0744
2026-09-30 20:12:18,3,70,12,3266.0390,1668.6737
2026-09-30 20:12:18,3,70,13,3266.0390,1632.8210
2026-09-30 20:12:18,3,70,14,3266.0390,1763.8795
2026-09-30 20:12:18,3,70,15,3266.0390,1661.8332
2026-09-30 20:12:18,3,70,16,3266.0390,1618.5211
2026-09-30 20:12:18,3,70,17,3266.0390,1678.8888
2026-09-30 20:12:18,3,70,18,3266.0390,1668.7337
2026-09-30 20:12:18,3,70,19,3266.0390,1644.5315
2026-09-30 20:12:18,3,70,20,3266.0390,1757.9331
2026-09-30 20:12:24,3,71,1,2603.4347,902.7387
2026-09-30 20:12:24,3,71,2,2672.5662,1214.1485
2026-09-30 20:12:24,3,71,3,2681.4109,1314.4898
2026-09-30 20:12:24,3,71,4,3083.5166,1410.8210
2026-09-30 20:12:24,3,71,5,3638.7232,1457.3078
2026-09-30 20:12:24,3,71,6,3638.7232,1471.9915
2026-09-30 20:12:24,3,71,7,3638.7232,1545.6905
2026-09-30 20:12:24,3,71,8,3638.7232,1691.6898
2026-09-30 20:12:24,3,71,9,3638.7232,1811.1904
2026-09-30 20:12:24,3,71,10,3638.7232,1689.8564
2026-09-30 20:12:24,3,71,11,3701.5638,1796.8094
2026-09-30 20:12:24,3,71,12,3701.5638,1722.3459
2026-09-30 20:12:24,3,71,13,3701.5638,1706.7071
2026-09-30 20:12:24,3,71,14,3701.5638,1802.3664
2026-09-30 20:12:24,3,71,15,3701.5638,1688.8686
2026-09-30 20:12:24,3,71,16,3701.5638,1709.9786
2026-09-30 20:12:24,3,71,17,3701.5638,1826.8237
2026-09-30 20:12:24,3,71,18,3701.5638,1614.6770
2026-09-30 20:12:24,3,71,19,3701.5638,1739.1591
2026-09-30 20:12:24,3,71,20,3701.5638,1706.5154
2026-09-30 20:12:24,3,71,21,3701.5638,1829.7197
2026-09-30 20:12:24,3,71,22,3701.5638,1863.0284
2026-09-30 20:12:24,3,71,23,3701.5638,1834.6399
2026-09-30 20:12:24,3,71,24,3701.5638,1871.6627
2026-09-30 20:12:24,3,71,25,3701.5638,1718.9105
2026-09-30 20:12:24,3,71,26,3701.5638,1883.4466
2026-09-30 20:12:59,3,72,1,2923.5063,1028.4297
2026-09-30 20:12:59,3,72,2,3546.9980,1204.1577
2026-09-30 20:12:59,3,72,3,3546.9980,1295.5308
2026-09-30 20:12:59,3,72,4,3546.9980,1434.5413
2026-09-30 20:12:59,3,72,5,3546.9980,1336.5309
2026-09-30 20:12:59,3,72,6,3546.9980,1419.2078
2026-09-30 20:12:59,3,72,7,3546.9980,1448.5114
2026-09-30 20:12:59,3,72,8,3546.9980,1492.2601
2026-09-30 20:12:59,3,72,9,3546.9980,1532.2599
2026-09-30 20:12:59,3,72,10,3546.9980,1422.7057
2026-09-30 20:12:59,3,72,11,3546.9980,1501.7678
2026-09-30 20:12:59,3,72,12,3546.9980,1550.1865
2026-09-30 20:12:59,3,72,13,3546.9980,1627.0495
2026-09-30 20:12:59,3,72,14,3546.9980,1630.2856
2026-09-30 20:12:59,3,72,15,3546.9980,1533.1278
2026-09-30 20:12:59,3,72,16,3546.9980,1690.5002
2026-09-30 20:12:59,3,72,17,3546.9980,1696.3865
2026-09-30 20:13:02,3,73,1,4179.1625,1031.6689
2026-09-30 20:13:02,3,73,2,4179.1625,1203.0810
2026-09-30 20:13:02,3,73,3,4179.1625,1402.4133
2026-09-30 20:13:02,3,73,4,4179.1625,1462.3054
2026-09-30 20:13:02,3,73,5,4179.1625,1556.9438
2026-09-30 20:13:02,3,73,6,4179.1625,1564.6115
2026-09-30 20:13:02,3,73,7,4179.1625,1639.4732
2026-09-30 20:13:02,3,73,8,4179.1625,1682.6450
2026-09-30 20:13:02,3,73,9,4179.1625,1785.3056
2026-09-30 20:13:02,3,73,10,4179.1625,1749.8928
2026-09-30 20:13:02,3,73,11,4179.1625,1657.8286
2026-09-30 20:13:02,3,73,12,4179.1625,1692.2738
2026-09-30 20:13:02,3,73,13,4179.1625,1747.4952
2026-09-30 20:13:02,3,73,14,4179.1625,1721.2069
2026-09-30 20:13:02,3,73,15,4179.1625,1910.4640
2026-09-30 20:13:02,3,73,16,4179.1625,1891.0681
2026-09-30 20:13:06,3,74,1,2665.7929,895.8787
2026-09-30 20:13:06,3,74,2,3413.1216,1222.5075
2026-09-30 20:13:06,3,74,3,3413.1216,1333.2823
2026-09-30 20:13:06,3,74,4,3413.1216,1363.6895
2026-09-30 20:13:06,3,74,5,3413.1216,1502.1237
2026-09-30 20:13:06,3,74,6,3413.1216,1489.7932
2026-09-30 20:13:06,3,74,7,3413.1216,1535.1597
2026-09-30 20:13:06,3,74,8,3413.1216,1509.5004
2026-09-30 20:13:06,3,74,9,3413.1216,1613.1067
2026-09-30 20:13:06,3,74,10,3543.7119,1622.0043
2026-09-30 20:13:06,3,74,11,3543.7119,1674.0116
2026-09-30 20:13:06,3,74,12,3543.7119,1727.7648
2026-09-30 20:13:06,3,74,13,3543.7119,1786.5343
2026-09-30 20:13:06,3,74,14,3707.7248,1770.9371
2026-09-30 20:13:06,3,74,15,3707.7248,1778.9850
2026-09-30 20:13:06,3,74,16,3707.7248,1863.2164
2026-09-30 20:13:06,3,74,17,3707.7248,1709.8358
2026-09-30 20:13:06,3,74,18,3707.7248,1656.7224
2026-09-30 20:13:06,3,74,19,3707.7248,1789.8188
2026-09-30 20:13:06,3,74,20,3707.7248,1787.3615
2026-09-30 20:13:06,3,74,21,3707.7248,1814.7602
2026-09-30 20:13:06,3,74,22,3707.7248,1801.1720
2026-09-30 20:13:06,3,74,23,3707.7248,1772.5299
2026-09-30 20:13:06,3,74,24,3707.7248,1687.3169
2026-09-30 20:13:06,3,74,25,3707.7248,1675.4407
2026-09-30 20:13:06,3,74,26,3707.7248,1858.8090
2026-09-30 20:13:06,3,74,27,3707.7248,1728.1604
2026-09-30 20:13:06,3,74,28,3707.7248,1818.0698
2026-09-30 20:13:06,3,74,29,3707.7248,1782.2959
2026-09-30 20:13:19,3,75,1,2846.4227,940.2376
2026-09-30 20:13:19,3,75,2,2846.4227,1168.2508
2026-09-30 20:13:19,3,75,3,2846.4227,1351.5585
2026-09-30 20:13:19,3,75,4,2846.4227,1372.6785
2026-09-30 20:13:19,3,75,5,2846.4227,1315.7541
2026-09-30 20:13:19,3,75,6,2846.4227,1354.3294
2026-09-30 20:13:19,3,75,7,2863.2557,1358.3432
2026-09-30 20:13:19,3,75,8,3196.5214,1461.4969
2026-09-30 20:13:19,3,75,9,3196.5214,1448.7136
2026-09-30 20:13:19,3,75,10,3196.5214,1470.9534
2026-09-30 20:13:19,3,75,11,3196.5214,1409.5133
2026-09-30 20:13:19,3,75,12,3463.1795,1484.9332
2026-09-30 20:13:19,3,75,13,3463.1795,1532.4793
2026-09-30 20:13:19,3,75,14,3463.1795,1525.3430
2026-09-30 20:13:19,3,75,15,3463.1795,1509.6735
2026-09-30 20:13:19,3,75,16,3463.1795,1626.7059
2026-09-30 20:13:19,3,75,17,3463.1795,1506.6986
2026-09-30 20:13:19,3,75,18,3463.1795,1506.7498
2026-09-30 20:13:19,3,75,19,3463.1795,1531.1615
2026-09-30 20:13:19,3,75,20,3463.1795,1657.5462
2026-09-30 20:13:19,3,75,21,3463.1795,1668.6555
2026-09-30 20:13:19,3,75,22,3463.1795,1717.2432
2026-09-30 20:13:19,3,75,23,3463.1795,1704.0164
2026-09-30 20:13:19,3,75,24,3463.1795,1804.3530
2026-09-30 20:13:19,3,75,25,3463.1795,1680.2535
2026-09-30 20:13:19,3,75,26,3463.1795,1681.7423
2026-09-30 20:13:19,3,75,27,3463.1795,1771.6044
2026-09-30 20:13:31,3,76,1,2313.6724,930.0565
2026-09-30 20:13:31,3,76,2,2714.4969,1220.5907
2026-09-30 20:13:31,3,76,3,2714.4969,1231.4953
2026-09-30 20:13:31,3,76,4,2746.5331,1363.8180
2026-09-30 20:13:31,3,76,5,2891.4000,1362.9236
2026-09-30 20:13:31,3,76,6,2891.4000,1435.9937
2026-09-30 20:13:31,3,76,7,2891.4000,1470.1280
2026-09-30 20:13:31,3,76,8,2891.4000,1498.7380
2026-09-30 20:13:31,3,76,9,3083.8478,1465.5449
2026-09-30 20:13:31,3,76,10,3083.8478,1473.6151
2026-09-30 20:13:31,3,76,11,3337.3514,1561.0322
2026-09-30 20:13:31,3,76,12,3337.3514,1644.2312
2026-09-30 20:13:31,3,76,13,3337.3514,1731.2826
2026-09-30 20:13:31,3,76,14,3337.3514,1745.0123
2026-09-30 20:13:31,3,76,15,3337.3514,1774.0379
2026-09-30 20:13:31,3,76,16,3537.8186,1845.3868
2026-09-30 20:13:31,3,76,17,3537.8186,1656.4653
2026-09-30 20:13:31,3,76,18,3537.8186,1835.6967
2026-09-30 20:13:31,3,76,19,3537.8186,1740.3847
2026-09-30 20:13:31,3,76,20,3537.8186,1762.4111
2026-09-30 20:13:31,3,76,21,3537.8186,1690.6351
2026-09-30 20:13:31,3,76,22,3537.8186,1764.3347
2026-09-30 20:13:31,3,76,23,3537.8186,1781.3468
2026-09-30 20:13:31,3,76,24,3537.8186,1865.6477
2026-09-30 20:13:31,3,76,25,3537.8186,1791.7893
2026-09-30 20:13:31,3,76,26,3776.6097,1744.2200
2026-09-30 20:13:31,3,76,27,3776.6097,1726.1699
2026-09-30 20:13:31,3,76,28,3776.6097,1859.5772
2026-09-30 20:13:31,3,76,29,3776.6097,1767.0957
2026-09-30 20:13:31,3,76,30,3776.6097,1812.0416
2026-09-30 20:13:31,3,76,31,3776.6097,1808.4551
2026-09-30 20:13:31,3,76,32,3776.6097,1715.3013
2026-09-30 20:13:31,3,76,33,3776.6097,1743.6505
2026-09-30 20:13:31,3,76,34,3776.6097,1723.8218
2026-09-30 20:13:31,3,76,35,3776.6097,1790.3007
2026-09-30 20:13:31,3,76,36,3776.6097,1640.9380
2026-09-30 20:13:31,3,76,37,3776.6097,1752.4933
2026-09-30 20:13:31,3,76,38,3776.6097,1701.2049
2026-09-30 20:13:31,3,76,39,3776.6097,1708.6250
2026-09-30 20:13:31,3,76,40,3776.6097,1743.8984
2026-09-30 20:13:31,3,76,41,3776.6097,1656.0527
2026-09-30 20:13:34,3,77,1,3241.4543,887.9411
2026-09-30 20:13:34,3,77,2,3241.4543,1085.7841
2026-09-30 20:13:34,3,77,3,3367.8414,1205.9335
2026-09-30 20:13:34,3,77,4,3367.8414,1281.9732
2026-09-30 20:13:34,3,77,5,3367.8414,1427.9131
2026-09-30 20:13:34,3,77,6,3367.8414,1490.1152
2026-09-30 20:13:34,3,77,7,3367.8414,1598.9718
2026-09-30 20:13:34,3,77,8,3367.8414,1501.0321
2026-09-30 20:13:34,3,77,9,3367.8414,1613.9887
2026-09-30 20:13:34,3,77,10,3367.8414,1665.8753
2026-09-30 20:13:34,3,77,11,3367.8414,1683.9075
2026-09-30 20:13:34,3,77,12,3367.8414,1734.0911
2026-09-30 20:13:34,3,77,13,3367.8414,1685.8930
2026-09-30 20:13:34,3,77,14,3367.8414,1655.2564
2026-09-30 20:13:34,3,77,15,3367.8414,1708.2632
2026-09-30 20:13:34,3,77,16,3367.8414,1672.1725
2026-09-30 20:13:34,3,77,17,3479.0428,1794.4523
2026-09-30 20:13:34,3,77,18,3479.0428,1794.6648
2026-09-30 20:13:34,3,77,19,3479.0428,1685.1519
2026-09-30 20:13:34,3,77,20,3479.0428,1677.5185
2026-09-30 20:13:34,3,77,21,3479.0428,1735.1214
2026-09-30 20:13:34,3,77,22,3479.0428,1660.6340
2026-09-30 20:13:34,3,77,23,3479.0428,1691.7727
2026-09-30 20:13:34,3,77,24,3479.0428,1740.7666
2026-09-30 20:13:34,3,77,25,3479.0428,1733.6233
2026-09-30 20:13:34,3,77,26,3479.0428,1781.0476
2026-09-30 20:13:34,3,77,27,3479.0428,1722.6168
2026-09-30 20:13:34,3,77,28,3479.0428,1764.9014
2026-09-30 20:13:34,3,77,29,3479.0428,1825.7124
2026-09-30 20:13:34,3,77,30,3479.0428,1771.6228
2026-09-30 20:13:34,3,77,31,3479.0428,1696.3359
2026-09-30 20:13:34,3,77,32,3479.0428,1749.5548
2026-09-30 20:13:36,3,78,1,2777.4328,953.2133
2026-09-30 20:13:36,3,78,2,3472.8169,1119.8303
2026-09-30 20:13:36,3,78,3,3472.8169,1246.1084
2026-09-30 20:13:36,3,78,4,3472.8169,1234.8346
2026-09-30 20:13:36,3,78,5,3572.9856,1309.1389
2026-09-30 20:13:36,3,78,6,3572.9856,1435.1337
2026-09-30 20:13:36,3,78,7,3572.9856,1499.9219
2026-09-30 20:13:36,3,78,8,3572.9856,1548.3419
2026-09-30 20:13:36,3,78,9,3572.9856,1577.8504
2026-09-30 20:13:36,3,78,10,3572.9856,1631.4260
2026-09-30 20:13:36,3,78,11,3572.9856,1590.1168
2026-09-30 20:13:36,3,78,12,3572.9856,1642.0753
2026-09-30 20:13:36,3,78,13,3572.9856,1688.7229
2026-09-30 20:13:36,3,78,14,3572.9856,1601.6573
2026-09-30 20:13:36,3,78,15,3572.9856,1491.8309
2026-09-30 20:13:36,3,78,16,3572.9856,1587.7014
2026-09-30 20:13:36,3,78,17,3572.9856,1716.5340
2026-09-30 20:13:36,3,78,18,3572.9856,1681.1509
2026-09-30 20:13:36,3,78,19,3572.9856,1638.7702
2026-09-30 20:13:36,3,78,20,3572.9856,1550.0004
2026-09-30 20:13:40,3,79,1,2516.1541,933.2581
2026-09-30 20:13:40,3,79,2,2934.7098,1204.5010
2026-09-30 20:13:40,3,79,3,2934.7098,1342.7460
2026-09-30 20:13:40,3,79,4,2934.7098,1466.0830
2026-09-30 20:13:40,3,79,5,2934.7098,1412.3962
2026-09-30 20:13:40,3,79,6,3075.0576,1385.4288
2026-09-30 20:13:40,3,79,7,3075.0576,1507.1816
2026-09-30 20:13:40,3,79,8,3172.4099,1589.1322
2026-09-30 20:13:40,3,79,9,3172.4099,1602.6010
2026-09-30 20:13:40,3,79,10,3172.4099,1642.1030
2026-09-30 20:13:40,3,79,11,3498.4953,1670.6531
2026-09-30 20:13:40,3,79,12,3498.4953,1656.1131
2026-09-30 20:13:40,3,79,13,3498.4953,1765.7251
2026-09-30 20:13:40,3,79,14,3498.4953,1753.2913
2026-09-30 20:13:40,3,79,15,3498.4953,1704.7934
2026-09-30 20:13:40,3,79,16,3498.4953,1794.4168
2026-09-30 20:13:40,3,79,17,3498.4953,1720.8177
2026-09-30 20:13:40,3,79,18,3498.4953,1870.3280
2026-09-30 20:13:40,3,79,19,3498.4953,1860.7595
2026-09-30 20:13:40,3,79,20,3498.4953,1830.3969
2026-09-30 20:13:40,3,79,21,3657.4822,1837.0630
2026-09-30 20:13:40,3,79,22,3657.4822,1929.7649
2026-09-30 20:13:40,3,79,23,3657.4822,1858.8059
2026-09-30 20:13:40,3,79,24,3657.4822,1854.0350
2026-09-30 20:13:40,3,79,25,3657.4822,1857.2070
2026-09-30 20:13:40,3,79,26,3657.4822,1930.0171
2026-09-30 20:13:40,3,79,27,3657.4822,2030.8820
2026-09-30 20:13:40,3,79,28,3657.4822,1878.5025
2026-09-30 20:13:40,3,79,29,3657.4822,1797.9349
2026-09-30 20:13:40,3,79,30,3657.4822,1870.8430
2026-09-30 20:13:40,3,79,31,3657.4822,1976.2088
2026-09-30 20:13:40,3,79,32,3657.4822,1937.7720
2026-09-30 20:13:40,3,79,33,3657.4822,1896.8660
2026-09-30 20:13:40,3,79,34,3657.4822,1818.4062
2026-09-30 20:13:40,3,79,35,3657.4822,1900.6208
2026-09-30 20:13:40,3,79,36,3657.4822,1807.1749
2026-09-30 20:13:41,3,80,1,2143.8105,913.0102
2026-09-30 20:13:41,3,80,2,2802.2036,1159.5404
2026-09-30 20:13:41,3,80,3,2802.2036,1256.0868
2026-09-30 20:13:41,3,80,4,2802.2036,1366.3177
2026-09-30 20:13:41,3,80,5,2937.7391,1452.3667
2026-09-30 20:13:41,3,80,6,2937.7391,1476.8794
2026-09-30 20:13:41,3,80,7,3050.9457,1463.2609
2026-09-30 20:13:41,3,80,8,3050.9457,1529.9784
2026-09-30 20:13:41,3,80,9,3050.9457,1635.6047
2026-09-30 20:13:41,3,80,10,3050.9457,1603.0038
2026-09-30 20:13:41,3,80,11,3050.9457,1751.7075
2026-09-30 20:13:41,3,80,12,3128.3173,1746.5732
2026-09-30 20:13:41,3,80,13,3128.3173,1739.5120
2026-09-30 20:13:41,3,80,14,3294.0971,1829.8838
2026-09-30 20:13:41,3,80,15,3294.0971,1702.7461
2026-09-30 20:13:41,3,80,16,3294.0971,1819.0571
2026-09-30 20:13:41,3,80,17,3294.0971,1732.1236
2026-09-30 20:13:41,3,80,18,3294.0971,1789.1434
2026-09-30 20:13:41,3,80,19,3294.0971,1787.2100
2026-09-30 20:13:41,3,80,20,3294.0971,1957.1220
2026-09-30 20:13:41,3,80,21,3294.0971,1777.0967
2026-09-30 20:13:41,3,80,22,3294.0971,1859.7826
2026-09-30 20:13:41,3,80,23,3294.0971,1969.0435
2026-09-30 20:13:41,3,80,24,3294.0971,1814.1602
2026-09-30 20:13:41,3,80,25,3294.0971,1769.5909
2026-09-30 20:13:41,3,80,26,3294.0971,1888.1766
2026-09-30 20:13:41,3,80,27,3294.0971,1965.1618
2026-09-30 20:13:41,3,80,28,3294.0971,1729.4033
2026-09-30 20:13:41,3,80,29,3464.1358,1778.3350
2026-09-30 20:13:41,3,80,30,3464.1358,1923.0110
2026-09-30 20:13:41,3,80,31,3464.1358,1819.4999
2026-09-30 20:13:41,3,80,32,3464.1358,1729.4618
2026-09-30 20:13:41,3,80,33,3464.1358,1826.3410
2026-09-30 20:13:41,3,80,34,3464.1358,1835.2740
2026-09-30 20:13:41,3,80,35,3464.1358,1912.1477
2026-09-30 20:13:41,3,80,36,3464.1358,1807.5122
2026-09-30 20:13:41,3,80,37,3464.1358,1938.2094
2026-09-30 20:13:41,3,80,38,3464.1358,1706.8270
2026-09-30 20:13:41,3,80,39,3464.1358,1735.3791
2026-09-30 20:13:41,3,80,40,3464.1358,1770.6451
2026-09-30 20:13:41,3,80,41,3464.1358,1745.5094
2026-09-30 20:13:41,3,80,42,3464.1358,1734.0219
2026-09-30 20:13:41,3,80,43,3464.1358,1788.7819
2026-09-30 20:13:41,3,80,44,3481.6410,1839.4033
2026-09-30 20:13:42,3,81,1,2331.8226,880.6337
2026-09-30 20:13:42,3,81,2,2701.8073,1149.8768
2026-09-30 20:13:42,3,81,3,2701.8073,1222.6451
2026-09-30 20:13:42,3,81,4,2751.1115,1351.4774
2026-09-30 20:13:42,3,81,5,2751.1115,1363.3967
2026-09-30 20:13:42,3,81,6,2903.1118,1509.2203
2026-09-30 20:13:42,3,81,7,2903.1118,1444.6333
2026-09-30 20:13:42,3,81,8,2903.1118,1496.1314
2026-09-30 20:13:42,3,81,9,2903.1118,1460.5767
2026-09-30 20:13:42,3,81,10,2903.1118,1432.8875
2026-09-30 20:13:42,3,81,11,2903.1118,1514.7764
2026-09-30 20:13:42,3,81,12,2903.1118,1490.6878
2026-09-30 20:13:42,3,81,13,2903.1118,1444.8857
2026-09-30 20:13:42,3,81,14,2903.1118,1425.6166
2026-09-30 20:13:42,3,81,15,2903.1118,1530.3329
2026-09-30 20:13:42,3,81,16,3044.7959,1460.8292
2026-09-30 20:13:42,3,81,17,3044.7959,1516.1803
2026-09-30 20:13:42,3,81,18,3044.7959,1541.8663
2026-09-30 20:13:42,3,81,19,3044.7959,1494.3382
2026-09-30 20:13:42,3,81,20,3044.7959,1401.7456
2026-09-30 20:13:42,3,81,21,3044.7959,1488.7946
2026-09-30 20:13:42,3,81,22,3044.7959,1547.1398
2026-09-30 20:13:42,3,81,23,3064.9259,1514.3826
2026-09-30 20:13:42,3,81,24,3064.9259,1659.5323
2026-09-30 20:13:42,3,81,25,3064.9259,1472.6757
2026-09-30 20:13:42,3,81,26,3064.9259,1516.7727
2026-09-30 20:13:42,3,81,27,3064.9259,1451.3961
2026-09-30 20:13:42,3,81,28,3279.6932,1578.2767
2026-09-30 20:13:42,3,81,29,3279.6932,1483.8355
2026-09-30 20:13:42,3,81,30,3279.6932,1492.2674
2026-09-30 20:13:42,3,81,31,3360.5593,1475.0009
2026-09-30 20:13:42,3,81,32,3360.5593,1518.7626
2026-09-30 20:13:42,3,81,33,3360.5593,1526.3918
2026-09-30 20:13:42,3,81,34,3360.5593,1458.5939
2026-09-30 20:13:42,3,81,35,3360.5593,1578.2950
2026-09-30 20:13:42,3,81,36,3360.5593,1588.3779
2026-09-30 20:13:42,3,81,37,3360.5593,1451.0645
2026-09-30 20:13:42,3,81,38,3360.5593,1486.7086
2026-09-30 20:13:42,3,81,39,3360.5593,1554.8763
2026-09-30 20:13:42,3,81,40,3360.5593,1521.7931
2026-09-30 20:13:42,3,81,41,3360.5593,1556.6348
2026-09-30 20:13:42,3,81,42,3360.5593,1449.1560
2026-09-30 20:13:42,3,81,43,3360.5593,1507.3418
2026-09-30 20:13:42,3,81,44,3360.5593,1626.7020
2026-09-30 20:13:42,3,81,45,3360.5593,1515.1954
2026-09-30 20:13:42,3,81,46,3360.5593,1563.0431
2026-09-30 20:13:43,3,82,1,2680.7570,946.6589
2026-09-30 20:13:43,3,82,2,3403.0179,1091.5850
2026-09-30 20:13:43,3,82,3,3403.0179,1251.4729
2026-09-30 20:13:43,3,82,4,3403.0179,1332.0215
2026-09-30 20:13:43,3,82,5,3403.0179,1400.3579
2026-09-30 20:13:43,3,82,6,3403.0179,1530.1369
2026-09-30 20:13:43,3,82,7,3463.0835,1679.0471
2026-09-30 20:13:43,3,82,8,3463.0835,1642.1609
2026-09-30 20:13:43,3,82,9,3463.0835,1732.9655
2026-09-30 20:13:43,3,82,10,3463.0835,1632.4557
2026-09-30 20:13:43,3,82,11,3473.7232,1779.7270
2026-09-30 20:13:43,3,82,12,3473.7232,1703.5337
2026-09-30 20:13:43,3,82,13,3473.7232,1719.5221
2026-09-30 20:13:43,3,82,14,3663.8860,1839.7989
2026-09-30 20:13:43,3,82,15,3663.8860,1988.7562
2026-09-30 20:13:43,3,82,16,3793.5371,2165.1444
2026-09-30 20:13:43,3,82,17,3793.5371,2101.9403
2026-09-30 20:13:43,3,82,18,3793.5371,2074.7627
2026-09-30 20:13:43,3,82,19,3793.5371,2172.9173
2026-09-30 20:13:43,3,82,20,3793.5371,2255.6947
2026-09-30 20:13:43,3,82,21,3793.5371,2053.8815
2026-09-30 20:13:43,3,82,22,3793.5371,2015.2345
2026-09-30 20:13:43,3,82,23,4114.2984,2213.8869
2026-09-30 20:13:43,3,82,24,4114.2984,2141.5977
2026-09-30 20:13:43,3,82,25,4114.2984,2053.3572
2026-09-30 20:13:43,3,82,26,4114.2984,2071.0457
2026-09-30 20:13:43,3,82,27,4114.2984,2180.6807
2026-09-30 20:13:43,3,82,28,4114.2984,2217.3822
2026-09-30 20:13:43,3,82,29,4114.2984,2123.3052
2026-09-30 20:13:43,3,82,30,4114.2984,2119.1951
2026-09-30 20:13:43,3,82,31,4114.2984,2198.7842
2026-09-30 20:13:43,3,82,32,4114.2984,2188.1557
2026-09-30 20:13:43,3,82,33,4114.2984,2088.0902
2026-09-30 20:13:43,3,82,34,4124.2367,2241.1315
2026-09-30 20:13:43,3,82,35,4124.2367,2156.1303
2026-09-30 20:13:43,3,82,36,4124.2367,2048.9870
2026-09-30 20:13:43,3,82,37,4124.2367,2275.9368
2026-09-30 20:13:43,3,82,38,4124.2367,2036.7218
2026-09-30 20:13:44,3,83,1,2846.2652,947.1152
2026-09-30 20:13:44,3,83,2,2846.2652,1144.4867
2026-09-30 20:13:44,3,83,3,3036.4645,1365.4315
2026-09-30 20:13:44,3,83,4,3036.4645,1372.7650
2026-09-30 20:13:44,3,83,5,3036.4645,1415.8825
2026-09-30 20:13:44,3,83,6,3357.1995,1525.2033
2026-09-30 20:13:44,3,83,7,3357.1995,1413.7318
2026-09-30 20:13:44,3,83,8,3357.1995,1550.6335
2026-09-30 20:13:44,3,83,9,3357.1995,1559.6955
2026-09-30 20:13:44,3,83,10,3357.1995,1553.5663
2026-09-30 20:13:44,3,83,11,3357.1995,1582.0105
2026-09-30 20:13:44,3,83,12,3357.1995,1688.0884
2026-09-30 20:13:44,3,83,13,3357.1995,1778.6500
2026-09-30 20:13:44,3,83,14,3357.1995,1818.4097
2026-09-30 20:13:44,3,83,15,3357.1995,1811.8636
2026-09-30 20:13:44,3,83,16,3456.9097,1782.3573
2026-09-30 20:13:44,3,83,17,3568.3715,1922.3957
2026-09-30 20:13:44,3,83,18,3568.3715,1798.2062
2026-09-30 20:13:44,3,83,19,3568.3715,1797.4442
2026-09-30 20:13:44,3,83,20,3568.3715,1880.0016
2026-09-30 20:13:44,3,83,21,3568.3715,1794.2439
2026-09-30 20:13:44,3,83,22,3568.3715,1916.4494
2026-09-30 20:13:44,3,83,23,3568.3715,1917.9753
2026-09-30 20:13:44,3,83,24,3568.3715,1818.5520
2026-09-30 20:13:44,3,83,25,3568.3715,1919.2502
2026-09-30 20:13:44,3,83,26,3568.3715,1857.8340
2026-09-30 20:13:44,3,83,27,3810.9299,1849.3631
2026-09-30 20:13:44,3,83,28,3810.9299,1858.2723
2026-09-30 20:13:44,3,83,29,3810.9299,1930.2460
2026-09-30 20:13:44,3,83,30,3810.9299,1875.7897
2026-09-30 20:13:44,3,83,31,3810.9299,1917.2113
2026-09-30 20:13:44,3,83,32,3810.9299,1870.7768
2026-09-30 20:13:44,3,83,33,3810.9299,1854.2764
2026-09-30 20:13:44,3,83,34,3810.9299,1891.8349
2026-09-30 20:13:44,3,83,35,3810.9299,1829.7884
2026-09-30 20:13:44,3,83,36,3810.9299,1904.4644
2026-09-30 20:13:44,3,83,37,3810.9299,1689.2246
2026-09-30 20:13:44,3,83,38,3810.9299,1852.0515
2026-09-30 20:13:44,3,83,39,3810.9299,1798.3936
2026-09-30 20:13:44,3,83,40,3810.9299,1736.7490
2026-09-30 20:13:44,3,83,41,3810.9299,2009.7728
2026-09-30 20:13:44,3,83,42,3810.9299,1890.2335
2026-09-30 20:13:45,3,84,1,2622.5997,988.9087
2026-09-30 20:13:45,3,84,2,2771.7263,1264.9298
2026-09-30 20:13:45,3,84,3,3093.3731,1267.0228
2026-09-30 20:13:45,3,84,4,3215.6490,1426.9838
2026-09-30 20:13:45,3,84,5,3215.6490,1545.1635
2026-09-30 20:13:45,3,84,6,3227.0501,1703.6698
2026-09-30 20:13:45,3,84,7,3356.5066,1739.6184
2026-09-30 20:13:45,3,84,8,3393.0559,1906.6917
2026-09-30 20:13:45,3,84,9,3446.7967,1991.8734
2026-09-30 20:13:45,3,84,10,3446.7967,1998.3389
2026-09-30 20:13:45,3,84,11,3446.7967,2052.2341
2026-09-30 20:13:45,3,84,12,3446.7967,2107.8834
2026-09-30 20:13:45,3,84,13,3793.3458,2168.3753
2026-09-30 20:13:45,3,84,14,4023.8366,2259.5526
2026-09-30 20:13:45,3,84,15,4023.8366,2007.6413
2026-09-30 20:13:45,3,84,16,4023.8366,2195.8784
2026-09-30 20:13:45,3,84,17,4023.8366,2195.3109
2026-09-30 20:13:45,3,84,18,4023.8366,2142.9917
2026-09-30 20:13:45,3,84,19,4023.8366,2069.5478
2026-09-30 20:13:45,3,84,20,4023.8366,2115.8398
2026-09-30 20:13:45,3,84,21,4023.8366,2175.1431
2026-09-30 20:13:45,3,84,22,4023.8366,2140.3044
2026-09-30 20:13:45,3,84,23,4023.8366,2119.7981
2026-09-30 20:13:45,3,84,24,4023.8366,2091.1136
2026-09-30 20:13:45,3,84,25,4023.8366,2110.5177
2026-09-30 20:13:45,3,84,26,4023.8366,2141.3632
2026-09-30 20:13:45,3,84,27,4023.8366,2205.7327
2026-09-30 20:13:45,3,84,28,4023.8366,2068.4908
2026-09-30 20:13:45,3,84,29,4023.8366,2085.5693
2026-09-30 20:13:47,3,85,1,2766.4562,920.7720
2026-09-30 20:13:47,3,85,2,2766.4562,1080.9011
2026-09-30 20:13:47,3,85,3,2766.4562,1388.7864
2026-09-30 20:13:47,3,85,4,3194.3799,1391.1647
2026-09-30 20:13:47,3,85,5,3371.1428,1541.1709
2026-09-30 20:13:47,3,85,6,3588.5899,1651.5848
2026-09-30 20:13:47,3,85,7,3588.5899,1510.0018
2026-09-30 20:13:47,3,85,8,3783.4317,1709.1211
2026-09-30 20:13:47,3,85,9,3783.4317,1665.3472
2026-09-30 20:13:47,3,85,10,3783.4317,1682.9097
2026-09-30 20:13:47,3,85,11,3783.4317,1793.4775
2026-09-30 20:13:47,3,85,12,3783.4317,1786.7121
2026-09-30 20:13:47,3,85,13,3783.4317,1864.0502
2026-09-30 20:13:47,3,85,14,3783.4317,1815.7636
2026-09-30 20:13:47,3,85,15,3783.4317,1881.4284
2026-09-30 20:13:47,3,85,16,3783.4317,1788.8421
2026-09-30 20:13:47,3,85,17,3783.4317,1722.8236
2026-09-30 20:13:47,3,85,18,3783.4317,1886.8562
2026-09-30 20:13:47,3,85,19,3783.4317,1762.4408
2026-09-30 20:13:47,3,85,20,3783.4317,1834.2554
2026-09-30 20:13:47,3,85,21,3783.4317,1742.7450
2026-09-30 20:13:47,3,85,22,3783.4317,1830.8584
2026-09-30 20:13:47,3,85,23,3783.4317,1828.5235
2026-09-30 20:13:52,3,86,1,2874.5490,923.2365
2026-09-30 20:13:52,3,86,2,3095.0954,1085.4293
2026-09-30 20:13:52,3,86,3,3095.0954,1250.8850
2026-09-30 20:13:52,3,86,4,3095.0954,1270.5119
2026-09-30 20:13:52,3,86,5,3095.0954,1441.5916
2026-09-30 20:13:52,3,86,6,3095.0954,1541.3925
2026-09-30 20:13:52,3,86,7,3154.7673,1578.4700
2026-09-30 20:13:52,3,86,8,3154.7673,1631.7591
2026-09-30 20:13:52,3,86,9,3154.7673,1658.5397
2026-09-30 20:13:52,3,86,10,3154.7673,1620.5437
2026-09-30 20:13:52,3,86,11,3222.1152,1759.6743
2026-09-30 20:13:52,3,86,12,3222.1152,1771.1074
2026-09-30 20:13:52,3,86,13,3244.8716,1837.2712
2026-09-30 20:13:52,3,86,14,3244.8716,1844.4876
2026-09-30 20:13:52,3,86,15,3244.8716,1813.6318
2026-09-30 20:13:52,3,86,16,3254.5514,1872.0777
2026-09-30 20:13:52,3,86,17,3254.5514,1858.0635
2026-09-30 20:13:52,3,86,18,3254.5514,1827.7767
2026-09-30 20:13:52,3,86,19,3254.5514,1873.2350
2026-09-30 20:13:52,3,86,20,3462.7393,1912.1396
2026-09-30 20:13:52,3,86,21,3462.7393,1759.6452
2026-09-30 20:13:52,3,86,22,3462.7393,1880.8422
2026-09-30 20:13:52,3,86,23,3530.9624,1769.4386
2026-09-30 20:13:52,3,86,24,3530.9624,1881.5290
2026-09-30 20:13:52,3,86,25,3530.9624,1888.8370
2026-09-30 20:13:52,3,86,26,3530.9624,1841.3712
2026-09-30 20:13:52,3,86,27,3530.9624,1731.9703
2026-09-30 20:13:52,3,86,28,3530.9624,1938.6254
2026-09-30 20:13:52,3,86,29,3530.9624,1931.3233
2026-09-30 20:13:52,3,86,30,3530.9624,1852.3986
2026-09-30 20:13:52,3,86,31,3530.9624,1823.4117
2026-09-30 20:13:52,3,86,32,3530.9624,1846.3779
2026-09-30 20:13:52,3,86,33,3530.9624,1839.0133
2026-09-30 20:13:52,3,86,34,3530.9624,1833.7455
2026-09-30 20:13:52,3,86,35,3592.8842,1881.7088
2026-09-30 20:13:52,3,86,36,3592.8842,1843.9669
2026-09-30 20:13:52,3,86,37,3592.8842,1982.5792
2026-09-30 20:13:52,3,86,38,4139.5812,1892.3964
2026-09-30 20:13:52,3,86,39,4139.5812,1880.7496
2026-09-30 20:13:52,3,86,40,4139.5812,1837.4548
2026-09-30 20:13:52,3,86,41,4139.5812,1795.2216
2026-09-30 20:13:52,3,86,42,4139.5812,1958.4462
2026-09-30 20:13:52,3,86,43,4139.5812,1953.5809
2026-09-30 20:13:52,3,86,44,4139.5812,1767.1028
2026-09-30 20:13:52,3,86,45,4139.5812,1762.8158
2026-09-30 20:13:52,3,86,46,4139.5812,1817.8587
2026-09-30 20:13:52,3,86,47,4139.5812,1988.1637
2026-09-30 20:13:52,3,86,48,4139.5812,1847.3038
2026-09-30 20:13:52,3,86,49,4139.5812,1816.3710
2026-09-30 20:13:52,3,86,50,4139.5812,1886.3103
2026-09-30 20:14:09,3,87,1,2283.0834,870.0403
2026-09-30 20:14:09,3,87,2,2722.6897,1202.9728
2026-09-30 20:14:09,3,87,3,2722.6897,1239.0318
2026-09-30 20:14:09,3,87,4,2722.6897,1341.1548
2026-09-30 20:14:09,3,87,5,2754.1863,1426.4403
2026-09-30 20:14:09,3,87,6,2754.1863,1459.8056
2026-09-30 20:14:09,3,87,7,2870.2431,1376.7134
2026-09-30 20:14:09,3,87,8,2870.2431,1442.5040
2026-09-30 20:14:09,3,87,9,3169.7014,1527.0222
2026-09-30 20:14:09,3,87,10,3169.7014,1522.3740
2026-09-30 20:14:09,3,87,11,3169.7014,1528.1810
2026-09-30 20:14:09,3,87,12,3169.7014,1387.8017
2026-09-30 20:14:09,3,87,13,3169.7014,1418.7352
2026-09-30 20:14:09,3,87,14,3169.7014,1456.5284
2026-09-30 20:14:09,3,87,15,3169.7014,1394.6226
2026-09-30 20:14:09,3,87,16,3169.7014,1471.5011
2026-09-30 20:14:09,3,87,17,3169.7014,1504.0133
2026-09-30 20:14:09,3,87,18,3169.7014,1524.5781
2026-09-30 20:14:09,3,87,19,3169.7014,1436.3748
2026-09-30 20:14:09,3,87,20,3169.7014,1461.2554
2026-09-30 20:14:09,3,87,21,3169.7014,1517.2767
2026-09-30 20:14:09,3,87,22,3190.8915,1539.5353
2026-09-30 20:14:09,3,87,23,3190.8915,1552.1962
2026-09-30 20:14:09,3,87,24,3190.8915,1426.1852
2026-09-30 20:14:09,3,88,1,2454.7674,972.7516
2026-09-30 20:14:09,3,88,2,2454.7674,1077.5948
2026-09-30 20:14:09,3,88,3,2704.6293,1163.6388
2026-09-30 20:14:09,3,88,4,2847.7932,1319.2778
2026-09-30 20:14:09,3,88,5,2847.7932,1407.6162
2026-09-30 20:14:09,3,88,6,2847.7932,1426.1870
2026-09-30 20:14:09,3,88,7,2847.7932,1553.4727
2026-09-30 20:14:09,3,88,8,3066.4177,1488.9936
2026-09-30 20:14:09,3,88,9,3066.4177,1516.8156
2026-09-30 20:14:09,3,88,10,3066.4177,1664.1501
2026-09-30 20:14:09,3,88,11,3066.4177,1589.6193
2026-09-30 20:14:09,3,88,12,3066.4177,1591.5519
2026-09-30 20:14:09,3,88,13,3152.4192,1697.2720
2026-09-30 20:14:09,3,88,14,3289.4416,1758.6331
2026-09-30 20:14:09,3,88,15,3289.4416,1674.0618
2026-09-30 20:14:09,3,88,16,3289.4416,1715.7745
2026-09-30 20:14:09,3,88,17,3603.3136,1832.8386
2026-09-30 20:14:09,3,88,18,3603.3136,1661.0008
2026-09-30 20:14:09,3,88,19,3603.3136,1793.7453
2026-09-30 20:14:09,3,88,20,3603.3136,1691.1399
2026-09-30 20:14:09,3,88,21,3603.3136,1729.1384
2026-09-30 20:14:09,3,88,22,3603.3136,1801.7548
2026-09-30 20:14:09,3,88,23,3603.3136,1657.2042
2026-09-30 20:14:09,3,88,24,3603.3136,1819.1126
2026-09-30 20:14:09,3,88,25,3603.3136,1644.2859
2026-09-30 20:14:09,3,88,26,3603.3136,1769.4021
2026-09-30 20:14:09,3,88,27,3603.3136,1764.6107
2026-09-30 20:14:09,3,88,28,3603.3136,1790.6533
2026-09-30 20:14:09,3,88,29,3603.3136,1775.9367
2026-09-30 20:14:09,3,88,30,3603.3136,1747.2100
2026-09-30 20:14:09,3,88,31,3603.3136,1732.4196
2026-09-30 20:14:09,3,88,32,3603.3136,1663.1276
2026-09-30 20:14:14,3,89,1,3233.8015,917.3720
2026-09-30 20:14:14,3,89,2,3294.0633,1047.4974
2026-09-30 20:14:14,3,89,3,3294.0633,1187.8294
2026-09-30 20:14:14,3,89,4,3294.0633,1346.0348
2026-09-30 20:14:14,3,89,5,3294.0633,1334.9058
2026-09-30 20:14:14,3,89,6,3294.0633,1421.5306
2026-09-30 20:14:14,3,89,7,3294.0633,1427.7462
2026-09-30 20:14:14,3,89,8,3294.0633,1495.3944
2026-09-30 20:14:14,3,89,9,3294.0633,1477.9753
2026-09-30 20:14:14,3,89,10,3294.0633,1431.5509
2026-09-30 20:14:14,3,89,11,3314.7631,1501.6423
2026-09-30 20:14:14,3,89,12,3314.7631,1424.7563
2026-09-30 20:14:14,3,89,13,3640.1211,1470.1749
2026-09-30 20:14:14,3,89,14,3640.1211,1489.2272
2026-09-30 20:14:14,3,89,15,3640.1211,1424.2065
2026-09-30 20:14:14,3,89,16,3640.1211,1468.2470
2026-09-30 20:14:14,3,89,17,3640.1211,1583.8066
2026-09-30 20:14:14,3,89,18,3640.1211,1558.5949
2026-09-30 20:14:14,3,89,19,3640.1211,1474.2748
2026-09-30 20:14:14,3,89,20,3640.1211,1559.7753
2026-09-30 20:14:14,3,89,21,3640.1211,1565.6680
2026-09-30 20:14:14,3,89,22,3640.1211,1522.0897
2026-09-30 20:14:14,3,89,23,3640.1211,1537.6566
2026-09-30 20:14:14,3,89,24,3640.1211,1587.6626
2026-09-30 20:14:14,3,89,25,3640.1211,1527.8600
2026-09-30 20:14:14,3,89,26,3640.1211,1487.9054
2026-09-30 20:14:14,3,89,27,3640.1211,1579.7546
2026-09-30 20:14:14,3,89,28,3640.1211,1484.5245
2026-09-30 20:14:38,3,90,1,2140.5505,888.4064
2026-09-30 20:14:38,3,90,2,2472.8726,1192.6215
2026-09-30 20:14:38,3,90,3,2472.8726,1299.3639
2026-09-30 20:14:38,3,90,4,3185.3818,1460.5732
2026-09-30 20:14:38,3,90,5,3433.1127,1511.4636
2026-09-30 20:14:38,3,90,6,3433.1127,1607.2537
2026-09-30 20:14:38,3,90,7,3433.1127,1488.4925
2026-09-30 20:14:38,3,90,8,3433.1127,1624.6923
2026-09-30 20:14:38,3,90,9,3433.1127,1594.7031
2026-09-30 20:14:38,3,90,10,3433.1127,1638.1932
2026-09-30 20:14:38,3,90,11,3433.1127,1700.6140
2026-09-30 20:14:38,3,90,12,3433.1127,1754.7829
2026-09-30 20:14:38,3,90,13,3433.1127,1610.5083
2026-09-30 20:14:38,3,90,14,3433.1127,1562.5112
2026-09-30 20:14:38,3,90,15,3433.1127,1706.6335
2026-09-30 20:14:38,3,90,16,3433.1127,1625.7646
2026-09-30 20:14:38,3,90,17,3433.1127,1665.2542
2026-09-30 20:14:38,3,90,18,3433.1127,1730.5381
2026-09-30 20:14:38,3,90,19,3433.1127,1709.0233
2026-09-30 20:14:38,3,90,20,3505.3574,1690.7042
2026-09-30 20:14:38,3,90,21,3505.3574,1693.0407
2026-09-30 20:14:38,3,90,22,3505.3574,1678.9720
2026-09-30 20:14:38,3,90,23,3505.3574,1718.2807
2026-09-30 20:14:38,3,90,24,3505.3574,1777.4366
2026-09-30 20:14:38,3,90,25,3505.3574,1732.4846
2026-09-30 20:14:38,3,90,26,3505.3574,1771.6401
2026-09-30 20:14:38,3,90,27,3505.3574,1690.3809
2026-09-30 20:14:38,3,90,28,3505.3574,1620.7861
2026-09-30 20:14:38,3,90,29,3505.3574,1763.8319
2026-09-30 20:14:38,3,90,30,3505.3574,1598.8965
2026-09-30 20:14:38,3,90,31,3505.3574,1666.1969
2026-09-30 20:14:38,3,90,32,3505.3574,1772.1187
2026-09-30 20:14:38,3,90,33,3505.3574,1800.4945
2026-09-30 20:14:38,3,90,34,3505.3574,1667.8514
2026-09-30 20:14:38,3,90,35,3505.3574,1806.9187
